user,churn,predicted_churn
61353,1.0,1
67679,0.0,0
21269,0.0,0
69531,0.0,1
25997,0.0,0
28827,0.0,0
58305,1.0,0
2351,0.0,1
11790,0.0,1
46727,0.0,0
65668,1.0,1
4664,0.0,0
41211,0.0,0
17451,0.0,0
17599,0.0,0
41826,1.0,1
67621,1.0,1
26736,0.0,1
39733,1.0,1
65867,0.0,0
50736,1.0,0
3897,1.0,1
34000,1.0,1
51830,1.0,1
33385,1.0,1
14403,1.0,1
42157,0.0,0
48917,1.0,1
27152,0.0,0
64314,0.0,1
32867,0.0,0
13489,1.0,1
10006,0.0,1
42800,1.0,1
46406,0.0,1
16514,0.0,0
131,0.0,1
7310,1.0,1
51090,1.0,0
62974,0.0,0
616,0.0,1
48511,1.0,0
6399,0.0,0
34395,0.0,1
45279,1.0,1
34106,1.0,1
67233,1.0,1
55936,0.0,0
42691,0.0,0
61966,0.0,1
3562,0.0,1
13791,0.0,1
13475,0.0,0
1606,1.0,0
12385,0.0,1
60197,0.0,1
28650,1.0,0
46135,1.0,1
55299,0.0,1
8402,0.0,0
64893,1.0,1
46268,0.0,0
31657,0.0,1
45209,0.0,0
10879,1.0,0
11270,0.0,1
32882,0.0,0
53082,1.0,0
379,0.0,1
4815,0.0,1
57273,1.0,1
67471,1.0,1
19518,0.0,1
15138,0.0,1
33289,0.0,0
60329,1.0,1
43223,0.0,1
68092,1.0,0
9553,0.0,1
9393,0.0,1
7702,1.0,0
7650,0.0,0
12002,0.0,1
31058,0.0,1
52063,1.0,0
2934,1.0,0
24986,0.0,0
18187,1.0,0
29060,1.0,1
40326,0.0,0
22861,1.0,1
31523,1.0,1
14626,1.0,1
62649,0.0,0
36364,1.0,1
27743,1.0,0
5859,1.0,1
63574,1.0,1
11812,0.0,1
53060,0.0,0
15361,0.0,1
6504,1.0,0
46569,0.0,1
57587,1.0,1
66441,0.0,1
10101,1.0,1
62646,1.0,1
49585,0.0,1
45117,0.0,1
63399,1.0,1
28593,0.0,1
4663,0.0,1
39808,0.0,1
57644,0.0,0
59890,1.0,1
49405,1.0,1
22492,1.0,0
24854,1.0,1
50106,1.0,1
22835,0.0,0
61222,1.0,0
68563,0.0,1
10662,0.0,1
15284,1.0,1
60814,0.0,0
58543,0.0,1
42370,0.0,0
16187,1.0,1
40932,1.0,1
34572,1.0,0
64400,0.0,0
8338,1.0,1
9543,1.0,1
34659,0.0,0
54180,0.0,1
33147,0.0,1
29159,0.0,0
37791,0.0,0
48925,1.0,0
67258,0.0,1
31752,0.0,1
31379,0.0,1
41167,1.0,0
53508,1.0,0
26199,0.0,1
31939,1.0,1
16799,0.0,1
23113,0.0,0
30302,0.0,1
58695,1.0,0
63099,0.0,1
38675,1.0,1
69628,1.0,0
27610,0.0,0
17432,1.0,1
61426,0.0,1
65497,1.0,1
65798,0.0,1
69335,1.0,1
47487,0.0,0
5005,1.0,1
63462,1.0,1
16919,1.0,1
56779,0.0,0
2623,1.0,1
52967,1.0,1
32369,0.0,1
39396,1.0,1
52555,1.0,0
3587,1.0,1
6605,0.0,0
66614,1.0,1
31840,0.0,0
14782,0.0,0
44015,0.0,1
43056,0.0,1
9372,1.0,1
31379,0.0,1
55831,0.0,1
21718,1.0,1
19406,0.0,0
5309,0.0,1
38072,0.0,1
52790,1.0,1
2811,0.0,1
22127,0.0,1
5128,0.0,1
53484,0.0,0
65847,0.0,1
66934,1.0,1
58686,1.0,1
36938,1.0,1
12459,0.0,1
63854,0.0,1
26949,0.0,0
46884,0.0,1
43856,1.0,0
43028,1.0,1
5456,1.0,1
21325,0.0,1
6744,0.0,1
13750,0.0,0
14222,1.0,0
67953,0.0,1
1867,1.0,1
49905,0.0,1
66749,0.0,0
23605,0.0,0
64125,1.0,1
33610,1.0,1
20330,0.0,1
47937,0.0,0
45271,0.0,1
4988,0.0,1
32108,1.0,1
48241,0.0,0
60209,0.0,0
68931,1.0,1
41323,0.0,1
19045,1.0,0
20055,1.0,1
60646,0.0,0
44655,0.0,0
35296,0.0,1
27277,0.0,0
9412,0.0,0
54353,0.0,1
44657,0.0,1
29680,1.0,1
8353,0.0,0
42930,1.0,1
24324,0.0,1
9051,0.0,1
52196,1.0,1
31840,0.0,1
33839,1.0,0
41922,1.0,1
14817,0.0,0
16379,0.0,0
16934,1.0,0
25379,1.0,1
33186,1.0,0
924,0.0,1
18996,0.0,0
18835,0.0,0
13259,0.0,1
44217,1.0,1
13198,0.0,0
65288,1.0,1
47813,0.0,1
4337,0.0,0
4081,1.0,0
36159,1.0,1
16965,1.0,1
40861,1.0,1
2897,0.0,1
30683,0.0,1
30825,1.0,0
3836,0.0,0
52517,0.0,1
13664,1.0,1
19238,1.0,0
5463,0.0,1
59483,0.0,1
38905,0.0,0
34497,0.0,0
12465,0.0,1
22104,0.0,0
42042,0.0,0
38681,1.0,1
25066,1.0,1
59665,0.0,1
53125,1.0,0
19144,0.0,1
37442,1.0,1
49422,0.0,1
54966,0.0,0
24158,0.0,0
60086,0.0,0
32306,1.0,1
41778,1.0,1
64463,1.0,0
55883,0.0,1
58499,0.0,1
6550,0.0,0
14931,0.0,1
42441,1.0,1
54795,0.0,0
66669,0.0,0
29717,0.0,1
38240,1.0,1
63528,0.0,1
5086,1.0,0
52138,1.0,0
47666,0.0,0
46279,0.0,0
41614,1.0,1
50378,1.0,0
7957,0.0,1
38656,1.0,0
3969,0.0,1
63917,0.0,1
67430,1.0,0
54819,0.0,0
7228,1.0,1
20195,0.0,0
23099,1.0,0
67047,1.0,0
69549,1.0,0
20148,0.0,0
27787,0.0,1
55003,1.0,0
65784,0.0,1
56246,0.0,0
4341,1.0,1
42655,1.0,0
1598,1.0,1
15733,1.0,1
48236,0.0,1
4287,0.0,1
65200,0.0,1
50887,1.0,1
18661,0.0,1
34927,1.0,1
2664,1.0,1
56733,0.0,0
38663,1.0,0
65254,1.0,1
27900,0.0,0
14660,0.0,0
21569,0.0,0
33181,1.0,1
49769,0.0,1
35204,1.0,1
21723,1.0,1
9268,0.0,1
42012,1.0,0
60270,0.0,0
61544,0.0,1
47099,0.0,0
19781,1.0,1
55963,0.0,1
63826,1.0,1
58761,0.0,0
17856,0.0,1
8249,0.0,1
7045,1.0,0
628,1.0,1
35860,0.0,1
59153,1.0,1
52427,1.0,0
16077,0.0,0
30095,0.0,1
38068,0.0,0
30101,0.0,0
57193,1.0,0
11932,1.0,1
60273,0.0,0
19271,1.0,1
46365,1.0,1
21227,0.0,0
45269,0.0,1
45525,1.0,0
50949,0.0,1
44729,1.0,0
27491,0.0,1
28851,0.0,1
68048,1.0,1
11745,1.0,1
33264,0.0,1
3257,1.0,0
10197,0.0,0
42146,0.0,1
28932,1.0,1
50234,1.0,0
3520,0.0,1
21556,0.0,1
26702,1.0,0
23252,1.0,0
53232,0.0,1
5053,1.0,0
53013,0.0,1
4825,1.0,1
67797,0.0,0
43243,1.0,0
28354,0.0,0
33376,0.0,0
8882,0.0,0
62134,1.0,1
19641,0.0,1
65963,0.0,1
60992,1.0,1
28233,0.0,0
54786,1.0,1
26732,0.0,1
68909,1.0,0
58481,0.0,1
54117,0.0,0
51881,1.0,1
23025,1.0,0
35317,1.0,1
46384,1.0,1
18143,1.0,0
49500,0.0,0
66012,0.0,1
522,1.0,1
50372,0.0,1
57318,1.0,1
61426,0.0,1
12503,1.0,1
23625,0.0,0
24146,0.0,1
44004,1.0,0
63543,1.0,1
40388,0.0,1
67209,0.0,1
51319,1.0,1
40282,0.0,1
58480,0.0,1
29695,0.0,1
679,0.0,0
40341,0.0,0
17449,1.0,0
58533,0.0,1
4886,0.0,1
48637,0.0,0
24721,0.0,1
36046,1.0,0
67478,0.0,1
66159,1.0,0
51485,0.0,1
22120,1.0,0
58948,1.0,1
2969,0.0,0
57194,0.0,1
38105,1.0,1
24344,0.0,1
11102,1.0,0
16365,0.0,1
11533,0.0,0
46084,0.0,0
24039,1.0,1
67549,1.0,0
10577,0.0,1
52922,1.0,1
46717,0.0,0
54772,1.0,1
25240,0.0,1
3213,1.0,1
10941,1.0,0
28970,0.0,0
28024,1.0,0
4212,0.0,1
6001,1.0,1
37107,0.0,0
29160,1.0,1
27945,1.0,1
27146,0.0,1
52543,0.0,1
20975,0.0,1
45808,1.0,1
50013,0.0,1
5475,1.0,1
15681,1.0,1
64684,1.0,0
65389,1.0,1
17036,0.0,0
20533,0.0,1
25515,1.0,0
35959,1.0,0
8752,1.0,1
24309,1.0,1
14014,0.0,1
590,0.0,0
36065,1.0,1
51453,0.0,1
44027,1.0,0
59411,0.0,1
67521,0.0,1
61921,1.0,1
11510,0.0,1
3530,1.0,1
8515,0.0,0
48518,0.0,1
26485,1.0,0
41332,0.0,0
1939,0.0,0
68833,0.0,1
40300,1.0,1
69433,1.0,0
23519,0.0,0
64706,1.0,0
13210,0.0,0
553,0.0,1
9370,1.0,1
962,0.0,1
42875,0.0,1
813,0.0,1
51551,0.0,1
51218,1.0,0
62547,1.0,1
67418,0.0,1
14128,1.0,0
24024,0.0,0
19487,0.0,0
46348,1.0,1
11559,0.0,0
57549,0.0,1
24322,1.0,0
48753,1.0,0
6452,1.0,0
48353,0.0,0
6634,1.0,0
31682,0.0,1
33085,1.0,1
34230,0.0,1
56769,1.0,1
41736,0.0,1
24464,0.0,1
55323,0.0,1
46663,0.0,0
45488,0.0,0
65955,1.0,1
64714,0.0,0
34592,0.0,1
22877,1.0,0
11625,0.0,0
46097,0.0,0
36534,0.0,1
21600,1.0,0
42361,1.0,1
48559,0.0,0
22081,0.0,1
48191,0.0,0
45357,0.0,1
57473,0.0,1
6730,0.0,0
13126,0.0,0
34003,0.0,1
27678,0.0,0
35386,1.0,1
31062,1.0,1
6958,1.0,1
25108,1.0,1
45367,0.0,0
54198,1.0,1
46063,0.0,0
18307,0.0,1
17488,0.0,1
53016,1.0,0
17956,0.0,0
31378,1.0,0
39356,1.0,0
28889,0.0,1
58800,1.0,0
55985,1.0,0
6864,0.0,0
59920,1.0,0
60963,0.0,0
56536,0.0,1
54560,0.0,1
16762,0.0,0
30603,0.0,0
60874,1.0,0
11363,1.0,0
3592,0.0,1
42287,0.0,1
4889,1.0,1
36054,0.0,1
41215,1.0,1
18973,0.0,1
8899,0.0,1
13314,0.0,1
48911,1.0,0
48136,0.0,1
45564,0.0,1
21857,1.0,1
47454,0.0,1
6138,0.0,1
63020,0.0,1
41145,0.0,1
7479,1.0,0
53220,1.0,0
39117,1.0,1
46359,0.0,1
14735,0.0,1
13799,0.0,0
6056,0.0,1
6732,0.0,0
54031,1.0,0
51296,0.0,0
49643,1.0,0
31183,1.0,0
56006,0.0,1
50820,1.0,1
12560,0.0,1
31218,1.0,1
62609,0.0,0
7420,0.0,1
51020,0.0,0
68908,1.0,0
48738,0.0,0
5626,0.0,0
34904,1.0,1
60896,0.0,0
49078,1.0,0
63505,0.0,0
45652,0.0,1
33094,0.0,1
51045,0.0,0
20103,1.0,1
16243,0.0,1
7336,0.0,1
8607,0.0,1
47065,0.0,1
30442,1.0,0
21060,1.0,1
61066,1.0,1
12188,0.0,1
63861,0.0,1
10133,1.0,1
55801,0.0,1
64978,0.0,1
4444,0.0,0
55204,1.0,1
13283,0.0,0
69491,1.0,0
15788,0.0,0
22671,1.0,1
66726,1.0,0
55669,1.0,0
52408,0.0,0
17904,1.0,0
64674,1.0,1
50018,0.0,1
57594,0.0,1
11246,0.0,0
35923,0.0,0
27065,0.0,1
48969,0.0,1
36570,1.0,1
46498,0.0,1
45207,0.0,1
30190,1.0,0
69570,0.0,0
36089,1.0,1
6059,0.0,0
55841,1.0,0
16393,0.0,1
30878,0.0,0
42959,1.0,0
33652,1.0,1
60952,0.0,0
35586,0.0,1
9573,0.0,0
57711,0.0,1
10185,0.0,1
60225,0.0,1
56610,1.0,1
46583,0.0,1
8411,0.0,1
29451,0.0,0
15035,0.0,1
22700,1.0,0
16592,1.0,1
22351,0.0,1
34223,0.0,1
15061,0.0,1
28734,1.0,1
35057,0.0,1
61695,1.0,0
49322,0.0,0
28824,0.0,1
22056,0.0,1
32389,0.0,0
6836,1.0,1
34122,0.0,1
31096,0.0,0
749,0.0,0
1284,1.0,1
54516,0.0,1
40771,0.0,0
15366,0.0,1
64477,0.0,1
29837,1.0,1
42466,1.0,1
34997,0.0,1
244,1.0,0
53587,0.0,1
59697,0.0,1
43267,1.0,1
63529,0.0,1
53552,1.0,0
9403,1.0,1
28529,0.0,1
49215,1.0,1
65498,1.0,0
25512,0.0,0
47711,0.0,1
58525,1.0,0
57905,0.0,0
30964,0.0,1
9014,0.0,1
42617,1.0,1
45709,0.0,1
7416,0.0,1
17060,0.0,0
19665,1.0,1
1899,0.0,0
10397,0.0,1
4294,0.0,0
47560,0.0,1
26334,0.0,0
59391,1.0,0
39809,0.0,1
41518,0.0,1
7578,1.0,1
66202,1.0,0
43516,1.0,1
25030,0.0,1
44141,0.0,0
52760,0.0,1
53089,1.0,1
58584,0.0,1
47355,0.0,1
49492,1.0,1
55870,0.0,1
62071,1.0,1
251,1.0,1
49480,1.0,1
5322,1.0,0
58851,0.0,0
36862,0.0,1
58782,1.0,0
59996,0.0,0
2284,0.0,1
55493,0.0,1
43550,1.0,0
43878,0.0,0
54849,0.0,1
55063,1.0,1
65299,0.0,1
28307,0.0,1
31864,0.0,0
41247,0.0,1
25377,0.0,0
24168,1.0,0
25350,0.0,1
16502,1.0,1
65085,1.0,0
699,1.0,0
39819,1.0,1
13951,0.0,0
38401,0.0,0
21828,0.0,1
8533,0.0,0
59617,0.0,0
17661,0.0,1
24754,1.0,0
18518,0.0,1
5535,0.0,0
30944,1.0,1
1508,1.0,1
41368,1.0,0
44331,0.0,1
10639,0.0,0
8246,0.0,0
56663,0.0,1
17499,0.0,1
45302,1.0,0
19526,1.0,0
3371,1.0,0
55539,0.0,1
26432,0.0,0
25295,1.0,1
9536,0.0,1
44485,1.0,1
51872,0.0,0
30570,1.0,0
58488,0.0,1
60792,1.0,1
40657,0.0,0
7762,0.0,1
65200,0.0,1
16745,0.0,0
50408,0.0,1
59697,0.0,0
31649,1.0,0
1096,0.0,0
39181,1.0,1
53916,0.0,0
9300,1.0,1
33280,0.0,0
66272,1.0,1
21080,0.0,1
55668,0.0,0
51293,1.0,1
3286,0.0,0
59371,1.0,1
31770,0.0,0
51957,0.0,1
15943,0.0,0
41546,0.0,0
33193,0.0,0
39289,0.0,0
21501,1.0,0
66391,0.0,0
3817,0.0,1
24429,0.0,1
42586,1.0,1
3834,0.0,0
58868,1.0,1
35452,0.0,0
58067,1.0,0
23589,0.0,1
47544,1.0,0
49844,0.0,1
37130,1.0,1
46594,0.0,1
28961,1.0,0
41952,1.0,0
49475,1.0,0
57341,1.0,0
26010,1.0,1
61600,1.0,1
65612,0.0,1
23681,0.0,1
54089,0.0,0
56073,0.0,0
54919,0.0,1
18591,1.0,0
38948,1.0,0
19716,0.0,0
24161,0.0,0
55921,0.0,0
4118,0.0,1
39521,0.0,0
39506,0.0,0
48514,1.0,0
58028,1.0,0
41660,1.0,1
35430,0.0,1
42296,1.0,1
24666,0.0,0
12088,0.0,1
34592,0.0,1
37342,1.0,0
24808,1.0,0
50147,0.0,1
8098,0.0,0
55222,0.0,0
66056,0.0,1
10468,1.0,1
20400,1.0,0
35338,0.0,0
56291,1.0,0
6592,0.0,1
26753,0.0,1
24368,1.0,0
39136,0.0,0
40225,1.0,1
2892,0.0,1
23591,0.0,0
24404,0.0,1
8887,0.0,1
869,1.0,0
25296,0.0,0
6426,0.0,1
9096,0.0,1
20390,0.0,1
63494,0.0,0
52970,1.0,1
59459,0.0,1
61021,1.0,1
36690,0.0,0
36401,1.0,1
44668,1.0,1
51997,1.0,0
33789,0.0,0
513,0.0,1
40567,1.0,1
63156,1.0,0
38884,0.0,1
48609,0.0,0
23645,1.0,1
27835,1.0,1
19705,1.0,0
54290,0.0,1
27861,0.0,1
51911,0.0,1
48901,0.0,1
7543,1.0,1
61497,1.0,0
68282,1.0,1
9610,1.0,0
10090,0.0,1
15251,1.0,1
48659,1.0,0
9932,1.0,0
7278,0.0,1
21993,0.0,1
11875,1.0,1
50684,0.0,0
1634,0.0,1
58433,0.0,1
21615,1.0,1
65206,1.0,1
10985,0.0,0
7550,0.0,1
40719,1.0,1
38430,1.0,1
39269,1.0,1
50930,0.0,0
32582,0.0,0
56882,1.0,0
64316,1.0,1
19955,1.0,1
58005,0.0,1
62960,0.0,1
42652,1.0,1
59672,0.0,1
7222,1.0,1
8288,0.0,1
6672,1.0,1
11883,0.0,1
57944,1.0,0
52303,0.0,0
36317,1.0,0
41152,0.0,0
25534,1.0,1
69247,0.0,1
60827,1.0,1
6756,1.0,0
25943,1.0,1
17358,1.0,1
56990,1.0,0
1215,0.0,1
14562,1.0,0
51508,0.0,0
41045,0.0,0
3681,0.0,0
66754,1.0,1
12257,0.0,0
64371,0.0,0
12460,0.0,1
57418,0.0,1
9800,1.0,1
30803,0.0,1
39007,0.0,0
33206,0.0,0
43593,1.0,1
25647,0.0,0
18273,0.0,1
46052,1.0,1
11276,1.0,1
67875,1.0,1
33907,0.0,0
26911,0.0,0
57007,1.0,1
14310,1.0,1
57721,0.0,1
21901,1.0,1
27982,1.0,1
60189,0.0,1
62,0.0,0
47667,1.0,0
29546,0.0,0
31322,0.0,1
39577,1.0,1
50582,1.0,1
12260,1.0,0
69238,1.0,0
24771,0.0,1
49601,0.0,1
60275,0.0,1
14869,1.0,1
54319,1.0,0
52134,1.0,1
30925,0.0,0
16353,1.0,1
37620,1.0,1
68503,0.0,1
26207,0.0,1
61363,0.0,1
17412,0.0,0
55569,1.0,0
25085,0.0,0
62352,1.0,0
2985,0.0,0
54722,1.0,1
5805,1.0,1
61942,1.0,0
62204,1.0,0
10425,0.0,0
13041,0.0,0
13465,0.0,0
55397,0.0,1
59075,1.0,1
34696,1.0,0
40310,0.0,1
35523,0.0,1
23906,1.0,0
65930,0.0,0
28844,1.0,0
22787,1.0,1
63832,0.0,0
35423,0.0,1
15612,0.0,0
13278,1.0,0
21969,1.0,1
26886,0.0,1
7286,1.0,0
57556,1.0,1
67016,0.0,1
16101,1.0,0
57270,0.0,1
60951,0.0,1
53086,0.0,0
4080,1.0,0
25615,0.0,1
55496,1.0,0
9596,0.0,1
21409,0.0,1
48990,0.0,1
1817,1.0,1
28126,0.0,1
65701,1.0,1
48500,0.0,0
35853,0.0,1
39621,1.0,1
26990,1.0,1
58294,0.0,1
1518,0.0,0
49826,1.0,1
51163,1.0,1
60425,0.0,0
60975,0.0,0
6675,1.0,0
31457,0.0,0
42876,0.0,1
8190,0.0,1
1462,0.0,0
25437,0.0,1
6659,1.0,1
25198,0.0,1
47189,1.0,1
63343,0.0,1
34938,1.0,0
17686,0.0,1
7356,0.0,0
45099,0.0,1
35293,1.0,1
58509,0.0,1
32146,0.0,0
66380,0.0,0
18183,0.0,1
6422,0.0,1
60207,1.0,1
29684,1.0,0
52971,0.0,1
4542,0.0,1
1839,0.0,0
6451,0.0,1
45221,0.0,1
28376,0.0,0
37239,0.0,1
59813,1.0,0
19029,0.0,0
15416,1.0,0
28174,0.0,0
35342,0.0,1
9732,0.0,1
56838,0.0,0
8263,1.0,0
60069,1.0,0
48394,1.0,1
18851,0.0,1
30885,1.0,0
60262,1.0,0
40483,0.0,0
56378,0.0,1
1080,0.0,0
41223,0.0,1
32513,0.0,1
1084,0.0,0
25420,0.0,1
60464,1.0,1
10511,0.0,0
30901,0.0,0
41661,0.0,0
29876,0.0,0
52905,0.0,0
55191,1.0,0
46433,1.0,0
2936,0.0,0
56062,0.0,1
20966,0.0,0
58929,0.0,0
44068,0.0,1
28876,0.0,1
51880,0.0,0
35753,0.0,0
42902,0.0,0
36279,1.0,1
11586,1.0,0
26581,0.0,1
47948,1.0,1
47345,1.0,1
6527,0.0,1
8122,1.0,1
65253,0.0,1
50844,1.0,0
29309,1.0,1
60421,1.0,1
65405,0.0,1
11968,0.0,1
48533,1.0,1
50164,0.0,0
60813,0.0,0
15058,1.0,1
32334,0.0,1
9416,1.0,1
9081,0.0,1
57006,1.0,0
61513,0.0,1
2594,0.0,0
38838,1.0,0
11518,1.0,0
52719,0.0,1
47541,0.0,0
20399,0.0,0
53962,1.0,1
13615,1.0,1
45140,1.0,0
32787,0.0,0
61208,0.0,0
67869,0.0,1
42517,1.0,1
58453,1.0,1
21853,0.0,1
42772,0.0,1
17433,0.0,0
14140,0.0,1
15277,1.0,1
28834,1.0,1
7563,1.0,1
32998,0.0,1
63380,1.0,1
64797,1.0,1
15083,0.0,1
18292,0.0,0
20339,0.0,1
52302,0.0,0
18098,0.0,1
51123,1.0,1
66437,1.0,0
16413,0.0,0
62502,0.0,1
24341,1.0,1
52960,1.0,0
10083,1.0,1
48420,0.0,1
42482,1.0,0
34410,1.0,0
25617,0.0,1
42092,0.0,0
33356,0.0,0
61852,0.0,1
68898,1.0,1
64775,1.0,1
44218,1.0,1
13152,1.0,1
28254,1.0,1
54627,0.0,1
30680,0.0,0
23470,0.0,1
56566,1.0,0
66673,1.0,1
41968,1.0,1
6379,1.0,0
42760,1.0,0
39446,0.0,1
64174,1.0,1
49099,1.0,0
18775,1.0,1
20766,1.0,0
6987,0.0,0
1788,0.0,1
68619,1.0,0
39257,0.0,1
28568,0.0,1
20274,0.0,0
19436,0.0,1
9963,0.0,0
10172,0.0,1
53589,0.0,1
14597,0.0,1
57950,1.0,1
68877,0.0,1
24893,1.0,1
35611,0.0,1
54766,0.0,1
59043,0.0,1
61055,0.0,1
45720,1.0,1
67785,0.0,1
60511,1.0,0
40350,0.0,0
30458,0.0,1
16151,0.0,1
67907,0.0,1
27354,0.0,1
67639,0.0,1
30817,1.0,1
60053,1.0,1
64987,0.0,1
64424,1.0,1
51177,0.0,0
53835,0.0,1
52612,0.0,1
58875,0.0,0
54890,0.0,1
41945,1.0,1
46550,1.0,0
8589,1.0,0
13205,0.0,0
8742,1.0,0
8544,1.0,1
31230,1.0,1
28701,1.0,1
60280,0.0,0
1499,1.0,1
66173,0.0,1
57414,0.0,1
17232,1.0,0
45618,1.0,0
69369,1.0,1
47942,0.0,1
54120,0.0,0
52743,0.0,0
30035,1.0,0
63680,0.0,1
6886,1.0,1
7826,1.0,0
9361,0.0,0
14340,0.0,1
17324,1.0,1
68490,0.0,1
1620,0.0,1
23917,0.0,1
61357,0.0,1
27883,0.0,1
65377,1.0,1
67921,0.0,0
62490,0.0,1
30802,0.0,1
58888,0.0,0
8781,1.0,1
30809,0.0,1
978,1.0,1
34003,0.0,1
18671,1.0,0
19324,1.0,1
43024,0.0,0
41302,1.0,1
29492,1.0,1
29696,0.0,1
7212,0.0,1
20625,1.0,1
13408,0.0,0
45802,1.0,1
60494,0.0,1
27700,1.0,1
5941,1.0,0
60253,0.0,1
43417,0.0,1
30987,0.0,1
28902,0.0,1
37733,0.0,0
59405,0.0,1
55626,0.0,0
41296,0.0,1
7362,0.0,1
1503,0.0,1
39672,1.0,1
52784,1.0,0
67360,0.0,0
58092,1.0,1
45953,1.0,1
47363,0.0,0
57109,0.0,1
24243,0.0,0
58419,0.0,0
51439,1.0,1
33828,0.0,1
24907,1.0,0
43763,0.0,0
58820,1.0,0
50434,1.0,1
52713,0.0,0
3543,1.0,1
26060,0.0,1
30276,0.0,1
24940,0.0,0
8559,0.0,0
35130,1.0,0
51453,0.0,1
47046,0.0,1
10702,1.0,1
38035,1.0,0
21196,1.0,0
8100,0.0,1
38279,1.0,1
65037,1.0,0
55439,0.0,0
30007,1.0,0
19730,0.0,0
47541,0.0,0
11453,1.0,0
60962,1.0,1
50746,0.0,0
5307,1.0,1
20242,0.0,1
14322,0.0,1
7358,1.0,1
1552,0.0,1
16927,0.0,1
20983,0.0,1
19608,1.0,1
5003,1.0,1
66870,1.0,1
19398,0.0,0
35160,1.0,1
8670,0.0,0
27652,0.0,1
66508,1.0,0
13500,1.0,1
1571,1.0,1
32380,1.0,1
4016,1.0,1
15899,1.0,1
28146,1.0,1
22683,1.0,0
10875,1.0,1
54708,0.0,0
27576,0.0,1
53270,0.0,1
28449,0.0,0
5531,0.0,0
56051,1.0,0
65573,0.0,1
60624,0.0,1
14288,0.0,0
36966,1.0,1
17738,1.0,1
57796,0.0,1
65028,1.0,1
8736,1.0,1
16738,0.0,1
59291,0.0,0
53906,1.0,1
12182,1.0,0
26487,1.0,1
23595,0.0,1
66894,0.0,0
7315,1.0,0
31753,0.0,1
24147,0.0,0
30374,0.0,1
67222,0.0,1
54292,1.0,1
3880,0.0,1
61317,0.0,1
45550,0.0,0
3715,1.0,0
35987,0.0,1
69653,1.0,1
270,1.0,1
35887,0.0,1
65895,0.0,1
7717,1.0,1
44117,1.0,0
26708,0.0,0
1071,0.0,0
34773,0.0,0
63562,0.0,0
32183,0.0,1
2114,0.0,0
13663,1.0,1
39906,1.0,1
32285,0.0,1
18134,0.0,0
57992,0.0,0
42277,1.0,1
25525,0.0,1
66189,1.0,1
48666,1.0,0
25716,0.0,1
18161,0.0,1
66489,0.0,0
5169,1.0,1
49327,1.0,0
38929,0.0,1
19490,0.0,1
69643,1.0,0
38351,0.0,0
48459,0.0,1
16144,0.0,1
27210,1.0,0
46573,0.0,0
37581,0.0,1
11867,0.0,1
56599,1.0,0
10149,0.0,1
413,0.0,1
26716,0.0,0
37625,0.0,0
33945,0.0,0
46306,0.0,1
46739,0.0,1
52950,1.0,0
14251,0.0,1
21497,0.0,0
50105,0.0,0
7760,0.0,1
20304,0.0,0
48909,1.0,1
48195,1.0,1
10060,1.0,0
8696,1.0,1
57991,0.0,1
66617,1.0,1
48311,0.0,0
15908,1.0,1
59240,1.0,1
12958,1.0,0
38048,1.0,0
69364,0.0,1
54706,1.0,0
21263,0.0,0
54503,1.0,0
65643,0.0,1
20188,0.0,0
39517,0.0,0
51402,1.0,1
31032,1.0,1
10587,1.0,0
58158,0.0,0
1451,0.0,1
65030,0.0,1
26231,0.0,1
69527,1.0,0
52498,0.0,1
49818,1.0,0
65800,0.0,1
47436,1.0,0
18404,0.0,1
26852,0.0,0
48561,0.0,1
2233,0.0,1
60529,0.0,0
38952,0.0,1
22551,0.0,1
32907,1.0,1
53518,0.0,0
8655,1.0,0
37808,1.0,1
36222,1.0,0
21810,1.0,1
34964,0.0,1
32874,0.0,0
66680,0.0,0
35567,0.0,1
66549,0.0,1
64089,0.0,0
56897,0.0,0
2218,0.0,0
18903,1.0,0
6938,0.0,0
46361,0.0,1
52002,0.0,1
14604,1.0,1
61810,0.0,1
17652,1.0,1
7126,0.0,1
55045,0.0,0
63867,0.0,1
61719,0.0,0
42293,0.0,0
62930,1.0,1
47397,0.0,1
68711,0.0,1
62715,0.0,1
5132,1.0,1
53047,1.0,0
25892,1.0,1
32764,0.0,1
42049,0.0,1
27403,0.0,1
57976,1.0,1
12203,0.0,1
63784,1.0,0
45439,0.0,1
27271,0.0,0
10201,1.0,0
30310,0.0,0
42745,1.0,1
16881,0.0,1
53537,0.0,1
63792,1.0,0
9312,1.0,1
64078,0.0,1
51592,0.0,0
61028,0.0,1
49869,1.0,0
4764,0.0,0
47689,0.0,0
417,1.0,1
56878,1.0,0
38001,0.0,0
30777,0.0,1
67825,1.0,1
67731,1.0,1
8334,0.0,0
9683,0.0,1
55566,0.0,0
26027,0.0,1
25337,0.0,1
35079,0.0,0
37849,0.0,1
56894,0.0,1
46850,1.0,1
39369,0.0,1
25091,1.0,0
23867,1.0,0
12814,1.0,1
46329,0.0,1
45577,1.0,1
61589,0.0,0
55151,0.0,0
59924,0.0,0
24969,1.0,1
33918,1.0,1
7345,0.0,1
30972,1.0,1
26468,0.0,1
61975,1.0,1
58829,1.0,1
33693,1.0,1
11960,1.0,1
25764,0.0,1
42884,1.0,1
66736,1.0,1
14950,0.0,1
30903,1.0,1
60808,0.0,0
68546,0.0,1
56299,0.0,1
22905,0.0,1
31502,1.0,0
37103,0.0,1
57972,0.0,0
9552,1.0,1
51149,1.0,1
41590,1.0,0
40304,0.0,1
24271,0.0,1
17968,1.0,1
9477,1.0,0
42263,1.0,1
6265,1.0,0
61052,0.0,0
62252,1.0,0
20566,0.0,1
9072,0.0,1
53898,0.0,1
48700,1.0,0
33761,0.0,0
41471,0.0,1
16040,0.0,1
32806,0.0,0
6937,1.0,1
53004,1.0,0
33171,1.0,1
33747,0.0,0
65772,0.0,0
37907,1.0,1
5420,0.0,1
37706,0.0,1
48696,0.0,0
46759,0.0,0
66876,0.0,0
29899,0.0,1
38658,1.0,1
25815,1.0,1
30783,1.0,1
39431,1.0,1
5451,0.0,0
9232,0.0,1
34586,0.0,1
53379,0.0,1
17771,1.0,0
32326,0.0,1
7044,1.0,1
6934,1.0,1
16285,0.0,1
52066,1.0,1
57764,1.0,1
4523,0.0,0
64678,1.0,0
25034,0.0,0
28797,0.0,1
22453,1.0,0
29923,1.0,0
65496,1.0,1
49309,0.0,1
58094,1.0,0
28143,0.0,1
63199,0.0,0
213,0.0,1
43091,1.0,1
47387,1.0,1
50896,0.0,1
40313,1.0,1
38633,0.0,1
31574,0.0,0
28509,1.0,0
42095,1.0,0
59213,1.0,1
12109,0.0,0
38833,0.0,1
12106,1.0,0
52916,0.0,1
24617,0.0,1
15149,0.0,1
55303,0.0,0
377,1.0,0
55672,0.0,1
3109,1.0,1
4871,1.0,1
18824,0.0,0
5694,1.0,1
40703,1.0,1
41300,1.0,1
53720,0.0,1
39141,0.0,1
47919,1.0,1
2338,1.0,0
26292,1.0,0
63938,1.0,1
55590,0.0,1
8796,0.0,0
58691,1.0,1
63520,1.0,1
2032,0.0,1
15872,1.0,1
69088,0.0,1
36427,1.0,1
17866,0.0,0
55732,0.0,1
37090,1.0,1
56960,0.0,1
48878,1.0,1
13394,0.0,1
6339,1.0,1
20605,1.0,1
68449,0.0,0
1982,0.0,1
39899,0.0,1
65297,1.0,1
65395,1.0,0
10612,1.0,1
53107,0.0,1
13047,1.0,1
46882,1.0,1
4857,1.0,1
69066,0.0,1
57459,0.0,1
36442,1.0,1
26162,1.0,0
43481,0.0,1
21206,1.0,0
58176,1.0,1
67546,0.0,1
18557,1.0,1
15396,1.0,0
1495,0.0,1
24075,0.0,1
68608,1.0,0
47388,1.0,1
7146,1.0,1
57610,0.0,0
38590,0.0,0
25021,0.0,0
67871,0.0,1
48554,1.0,1
35776,0.0,0
58689,1.0,1
32075,1.0,0
29804,1.0,1
8456,0.0,1
9128,0.0,1
57717,0.0,1
34547,1.0,0
62727,1.0,1
768,1.0,1
11994,1.0,1
48745,0.0,1
38943,1.0,1
10280,0.0,0
40228,1.0,1
60359,0.0,1
6993,0.0,1
34571,0.0,1
63222,1.0,0
9843,0.0,1
55334,0.0,0
266,1.0,0
8635,0.0,0
37983,0.0,0
52816,0.0,0
29303,1.0,0
31868,0.0,1
3139,0.0,0
41978,1.0,0
8812,0.0,0
28712,1.0,1
31137,0.0,0
60301,1.0,1
29433,1.0,0
6774,0.0,1
27069,1.0,0
7652,0.0,1
38870,1.0,0
25583,0.0,0
11274,0.0,1
14669,0.0,1
26874,1.0,1
5780,0.0,0
25504,0.0,1
25513,1.0,1
31,0.0,0
58437,1.0,0
13306,1.0,1
28534,1.0,0
57247,0.0,0
5660,0.0,1
3790,1.0,0
58626,0.0,1
32143,0.0,0
23019,1.0,0
44352,0.0,0
27481,0.0,0
52528,1.0,1
65078,0.0,0
19351,0.0,1
61150,0.0,0
26452,0.0,0
22851,1.0,0
3700,1.0,1
36637,0.0,1
28446,0.0,1
28124,0.0,1
23734,0.0,1
34591,0.0,1
47146,1.0,0
36484,0.0,1
49937,0.0,0
1022,0.0,1
15382,1.0,1
44600,0.0,1
55924,1.0,0
61102,0.0,1
42461,1.0,1
69344,1.0,1
39008,0.0,1
59969,1.0,0
63894,1.0,0
4750,1.0,1
42085,0.0,0
66932,0.0,0
66242,1.0,1
26689,0.0,1
69080,0.0,1
34617,1.0,1
56956,1.0,1
61928,0.0,1
50688,1.0,1
21999,1.0,1
22285,0.0,1
32154,0.0,1
46913,0.0,1
36914,0.0,1
63985,0.0,0
25779,0.0,0
61230,0.0,0
20531,0.0,0
69123,1.0,1
51854,0.0,0
55265,0.0,0
51219,1.0,1
7106,1.0,1
57473,0.0,1
46970,1.0,1
10008,0.0,0
36006,1.0,1
3439,0.0,1
53562,0.0,0
42142,0.0,1
49422,0.0,0
37001,0.0,1
42635,1.0,1
42386,0.0,1
56812,0.0,1
45492,0.0,0
42339,0.0,1
34134,0.0,1
58808,0.0,0
60544,0.0,0
13602,1.0,0
6473,0.0,1
66807,1.0,0
50783,1.0,0
30550,1.0,0
62786,0.0,1
19130,0.0,1
54880,1.0,0
56724,1.0,0
40541,1.0,1
61376,0.0,0
45999,0.0,1
21217,0.0,1
67249,0.0,0
49011,1.0,0
36453,0.0,1
42369,0.0,1
41554,1.0,0
678,0.0,1
28662,0.0,0
19967,0.0,0
45823,0.0,1
46129,0.0,1
46515,0.0,1
27050,1.0,1
51860,1.0,1
19575,1.0,1
13551,0.0,1
67939,1.0,0
64867,1.0,1
48521,0.0,1
17440,1.0,1
39632,1.0,0
51499,1.0,1
42661,1.0,0
9687,0.0,0
42929,0.0,1
11955,0.0,0
12041,1.0,1
14107,0.0,1
64332,0.0,1
3777,1.0,0
45698,0.0,1
68476,0.0,1
63463,1.0,0
59608,0.0,0
47080,1.0,0
24711,1.0,1
22414,1.0,1
65732,1.0,1
51654,1.0,0
64594,0.0,1
69321,0.0,1
3247,0.0,1
59076,1.0,1
5367,0.0,0
11487,0.0,0
43098,1.0,0
16885,0.0,1
59374,1.0,1
56839,0.0,1
50488,0.0,1
8310,1.0,1
42782,0.0,0
24766,1.0,1
14268,1.0,0
15478,1.0,1
15967,0.0,0
25897,0.0,1
18038,1.0,1
47461,0.0,0
67581,1.0,1
48523,0.0,1
20426,0.0,1
1943,0.0,0
59952,1.0,1
51498,1.0,0
65973,1.0,1
14531,1.0,1
14443,0.0,0
43341,1.0,1
45552,0.0,1
6467,0.0,1
3349,1.0,0
14072,1.0,1
21645,0.0,1
34324,1.0,1
27221,0.0,0
58253,0.0,1
68841,1.0,0
30460,0.0,1
13976,0.0,1
16050,0.0,0
8688,0.0,0
14718,0.0,0
12436,1.0,1
11438,0.0,1
10363,1.0,1
6807,1.0,1
67645,1.0,0
14569,0.0,1
55474,0.0,0
57863,1.0,0
61425,0.0,1
29464,1.0,0
68905,0.0,1
57868,0.0,1
20679,0.0,0
6114,0.0,0
3233,0.0,0
36983,0.0,1
44958,0.0,0
54565,1.0,0
36855,0.0,1
30538,0.0,1
66716,0.0,1
26781,1.0,0
64006,0.0,1
33642,0.0,1
22032,1.0,1
63314,1.0,0
56363,0.0,0
37390,1.0,0
69550,0.0,1
24114,1.0,1
28569,0.0,0
42805,1.0,0
35690,1.0,1
36574,0.0,1
23479,0.0,1
62115,1.0,1
58472,0.0,1
26748,0.0,1
31084,1.0,0
16921,0.0,1
42997,0.0,1
44376,0.0,1
1935,1.0,0
59859,1.0,0
42775,0.0,0
28537,0.0,0
48213,0.0,1
58697,0.0,1
59503,0.0,0
47980,0.0,0
635,1.0,1
55522,1.0,1
23396,0.0,1
18834,0.0,0
13870,0.0,0
52119,0.0,1
62791,0.0,1
60735,0.0,0
12063,1.0,1
58389,0.0,1
24697,0.0,0
31573,1.0,0
44501,0.0,0
37104,0.0,0
62761,0.0,0
68258,0.0,0
32324,1.0,0
22967,1.0,0
63698,1.0,1
63150,0.0,1
67205,0.0,0
29127,0.0,1
28962,1.0,1
50138,1.0,1
10929,0.0,1
47222,0.0,0
38159,0.0,1
7155,0.0,0
43925,1.0,1
6276,1.0,1
69484,1.0,0
39648,1.0,1
30034,0.0,0
49528,0.0,0
36084,1.0,1
31974,1.0,1
30737,1.0,0
21574,0.0,1
55853,1.0,1
6834,0.0,1
21201,0.0,0
38628,1.0,1
39072,1.0,0
7421,0.0,1
55165,1.0,0
6072,1.0,0
21749,0.0,1
7955,0.0,1
9114,0.0,0
6285,0.0,1
33323,0.0,1
16433,1.0,1
64879,0.0,1
14635,0.0,1
59891,0.0,0
2643,0.0,1
28676,1.0,0
10239,0.0,0
29656,1.0,1
23550,1.0,1
307,0.0,1
28670,1.0,1
56938,1.0,0
57931,0.0,1
44380,1.0,1
11391,1.0,1
11637,0.0,1
32510,1.0,1
60769,1.0,1
13741,1.0,1
33863,1.0,1
63428,0.0,1
7828,1.0,1
21760,1.0,1
49580,1.0,1
37443,0.0,1
38820,1.0,1
67243,1.0,1
7728,0.0,0
58160,1.0,1
13144,0.0,1
28177,0.0,1
48079,1.0,1
37448,0.0,1
45135,1.0,1
46402,1.0,1
23351,0.0,1
20404,0.0,1
61158,1.0,0
5274,1.0,0
14106,0.0,1
57237,0.0,1
6386,0.0,1
43337,1.0,0
32888,0.0,0
33884,0.0,1
62826,1.0,1
65393,1.0,1
29729,0.0,1
46760,0.0,1
34054,1.0,0
62529,0.0,0
51177,0.0,0
46874,1.0,0
65374,0.0,1
31663,1.0,1
24647,1.0,1
6438,0.0,0
18860,0.0,1
58847,0.0,0
7899,0.0,0
15968,0.0,1
68323,0.0,1
67974,0.0,1
8020,0.0,1
47316,0.0,1
69548,0.0,1
52777,0.0,1
33514,0.0,0
27479,0.0,1
46228,1.0,0
24263,0.0,1
54630,0.0,1
2207,0.0,1
44151,1.0,1
40362,1.0,1
45535,0.0,0
22916,1.0,1
24509,1.0,0
10532,0.0,1
28519,0.0,1
7255,0.0,0
37692,0.0,1
27016,1.0,1
51473,1.0,1
46857,1.0,0
62230,0.0,1
15970,0.0,1
40235,0.0,0
14281,1.0,1
644,0.0,0
44473,0.0,1
28092,0.0,1
7586,0.0,1
56216,1.0,1
64565,1.0,0
11701,0.0,0
10134,0.0,1
1757,0.0,0
38987,0.0,1
53649,0.0,0
52668,0.0,1
36098,0.0,1
41389,0.0,1
49654,1.0,1
64305,0.0,1
56215,1.0,1
32061,0.0,0
62274,0.0,1
18836,0.0,0
46932,1.0,1
34243,0.0,1
22556,0.0,1
9501,0.0,0
25465,0.0,1
55894,0.0,0
53576,0.0,0
55716,0.0,1
9206,0.0,0
28011,1.0,0
18887,0.0,1
63932,0.0,1
22239,1.0,0
31339,1.0,1
361,1.0,0
64460,1.0,1
38180,0.0,1
41250,1.0,1
44581,0.0,0
48935,0.0,0
23986,1.0,0
19922,1.0,1
1690,0.0,0
45256,1.0,1
27525,1.0,0
61065,1.0,1
43847,1.0,1
45649,1.0,1
3884,0.0,0
30896,0.0,1
26872,0.0,1
11796,1.0,0
41409,0.0,1
49698,0.0,1
20176,0.0,1
24409,1.0,0
20381,1.0,1
2864,0.0,0
22672,1.0,0
36469,1.0,0
16581,1.0,1
49621,0.0,0
27165,0.0,1
5816,1.0,1
19305,1.0,0
26523,1.0,0
38044,1.0,1
35533,1.0,1
31470,0.0,0
32964,1.0,0
62598,1.0,1
38314,0.0,1
18453,1.0,0
25035,0.0,1
13113,1.0,0
38495,1.0,1
945,0.0,0
48072,1.0,0
35644,0.0,1
61040,1.0,1
59625,0.0,0
35761,0.0,0
35954,1.0,0
69358,0.0,0
55127,0.0,0
5135,1.0,1
54331,1.0,0
31641,1.0,0
31873,0.0,0
14340,0.0,1
51167,1.0,0
1445,1.0,1
15599,1.0,0
31761,1.0,1
9539,0.0,0
34933,0.0,0
12161,0.0,0
38773,0.0,0
10630,0.0,0
8772,1.0,0
7301,0.0,1
36320,0.0,1
9472,0.0,1
30870,0.0,1
39617,0.0,1
31586,0.0,1
3723,0.0,1
41760,0.0,0
47358,1.0,1
42133,0.0,0
33228,0.0,1
4326,0.0,1
31006,0.0,0
12272,0.0,0
63519,1.0,1
6844,0.0,1
47612,1.0,1
1482,0.0,1
35888,1.0,0
42527,1.0,1
51841,1.0,0
52869,0.0,0
28323,0.0,1
65286,1.0,1
32337,0.0,1
24859,0.0,1
10885,1.0,1
17793,0.0,1
59773,0.0,1
49261,1.0,0
11179,1.0,0
24708,0.0,1
14059,1.0,0
59840,0.0,1
68939,0.0,0
65010,0.0,0
30096,0.0,0
14774,0.0,0
20033,1.0,0
6651,1.0,0
66811,0.0,0
50322,1.0,1
18451,0.0,1
59783,1.0,1
54857,0.0,0
66034,1.0,0
46781,0.0,1
36771,1.0,1
17192,0.0,1
21975,0.0,0
64241,0.0,0
31431,0.0,1
28447,0.0,1
29664,1.0,1
66636,0.0,1
17921,1.0,1
4741,0.0,1
53201,0.0,1
50002,0.0,1
63189,1.0,1
68360,1.0,1
17566,0.0,0
51592,0.0,0
20201,1.0,1
42447,1.0,1
4922,1.0,0
45411,1.0,1
60972,1.0,0
31429,1.0,1
66765,1.0,1
11715,0.0,0
31850,1.0,0
59546,0.0,0
38435,1.0,1
67770,1.0,0
56576,1.0,1
14258,1.0,0
130,1.0,1
37826,0.0,1
57869,0.0,0
35095,1.0,1
52426,0.0,1
66074,0.0,1
18534,1.0,1
11540,1.0,0
52671,1.0,0
24799,0.0,1
47727,1.0,1
32681,0.0,1
18180,0.0,1
29435,0.0,1
61587,0.0,1
9873,0.0,1
65628,0.0,1
58402,0.0,1
58161,1.0,1
12278,0.0,0
66793,0.0,1
14926,0.0,0
33987,0.0,0
29499,0.0,0
37493,0.0,0
13596,0.0,1
58909,0.0,0
10324,0.0,0
62911,0.0,1
1567,0.0,1
62652,1.0,0
46643,0.0,1
65660,0.0,0
46961,0.0,0
58618,0.0,1
35423,0.0,1
55251,0.0,1
52641,0.0,1
38335,0.0,1
26917,1.0,0
61031,0.0,1
47317,0.0,0
37033,0.0,1
67242,1.0,0
743,0.0,1
6149,0.0,0
44420,0.0,1
39493,0.0,0
66219,1.0,1
25807,1.0,0
25092,0.0,1
67420,0.0,0
44172,0.0,1
62117,0.0,0
45952,0.0,1
69374,0.0,0
12505,0.0,0
42956,0.0,1
61665,0.0,1
44219,0.0,1
31820,1.0,1
45237,1.0,1
59505,0.0,0
30164,1.0,0
29244,0.0,1
54440,0.0,1
58035,0.0,1
62007,0.0,0
15313,0.0,1
96,0.0,0
28643,1.0,1
40931,1.0,1
39301,0.0,1
57181,0.0,1
42510,0.0,0
41748,1.0,1
11406,1.0,0
24005,1.0,1
66435,0.0,0
54504,0.0,0
46316,0.0,0
66510,1.0,1
33800,1.0,1
56693,1.0,1
66955,0.0,1
43219,0.0,1
9768,0.0,0
39004,0.0,1
69559,0.0,1
20007,0.0,1
15946,0.0,1
49841,0.0,1
55587,0.0,0
51417,1.0,1
69339,0.0,1
22123,1.0,1
48632,1.0,1
4209,1.0,1
50392,0.0,0
51544,0.0,1
23187,0.0,1
56262,0.0,0
51522,1.0,0
3446,1.0,1
66138,1.0,0
2465,0.0,1
22553,0.0,1
51725,1.0,1
54121,0.0,1
46778,0.0,1
39984,0.0,0
4050,1.0,1
1233,1.0,0
3304,1.0,0
27337,1.0,0
42810,0.0,0
50571,0.0,1
20575,1.0,1
3864,0.0,0
52760,0.0,1
61486,1.0,0
16497,0.0,1
67528,1.0,0
62427,0.0,0
25023,0.0,0
60014,1.0,1
32550,0.0,1
65817,0.0,0
15979,1.0,1
50227,1.0,1
62217,0.0,1
2262,0.0,1
49871,0.0,1
27019,0.0,0
39918,1.0,1
5470,0.0,1
30272,0.0,0
43339,1.0,1
15549,0.0,1
33182,1.0,1
3498,0.0,1
52985,0.0,1
9006,0.0,0
48868,1.0,1
20530,1.0,0
23644,1.0,1
36561,0.0,1
4853,0.0,0
5013,0.0,1
50644,0.0,1
64888,1.0,0
42202,0.0,0
52538,0.0,0
3633,0.0,0
68471,0.0,1
35157,0.0,1
64806,1.0,1
11072,0.0,1
39286,1.0,1
55123,1.0,0
45934,1.0,0
64221,1.0,1
65771,0.0,1
47169,0.0,1
41428,0.0,0
22331,1.0,1
22881,1.0,0
19590,1.0,0
39393,1.0,1
23595,0.0,1
31131,1.0,1
507,1.0,0
786,0.0,1
62787,1.0,1
17218,0.0,1
26050,0.0,1
32098,1.0,0
64626,0.0,1
52266,0.0,0
28562,0.0,0
20442,1.0,1
63169,1.0,1
21778,0.0,0
37156,0.0,1
62659,0.0,0
27916,0.0,1
29004,0.0,0
4754,0.0,1
31575,0.0,1
63572,1.0,0
1842,0.0,1
46040,0.0,1
36777,0.0,0
19910,1.0,1
53054,0.0,1
40449,0.0,0
34778,0.0,1
63123,0.0,1
53681,0.0,0
61292,1.0,1
62319,1.0,0
64607,1.0,0
52707,0.0,0
55910,1.0,0
54993,1.0,1
18367,0.0,1
60476,1.0,1
12407,1.0,0
62942,0.0,0
13229,0.0,1
9026,1.0,0
9056,1.0,0
1513,1.0,0
48880,0.0,0
1020,0.0,0
58391,1.0,1
44537,1.0,1
29370,0.0,1
42660,1.0,0
28045,0.0,0
32796,0.0,0
39284,1.0,1
967,0.0,1
31025,1.0,1
6900,0.0,1
13356,0.0,1
61729,0.0,1
14213,0.0,1
5903,0.0,1
59195,1.0,1
21314,1.0,1
34198,0.0,1
68293,0.0,1
38489,1.0,0
16054,1.0,1
19326,0.0,1
7789,0.0,1
531,1.0,0
35205,0.0,1
7795,0.0,1
17922,0.0,1
68651,1.0,1
54939,0.0,1
527,0.0,1
20206,1.0,1
45533,1.0,1
48339,0.0,1
48180,0.0,1
59576,0.0,1
34898,0.0,0
54796,1.0,0
3832,0.0,0
33241,0.0,1
30383,0.0,0
28666,0.0,1
13331,0.0,1
57688,0.0,0
37446,1.0,1
6525,0.0,0
55700,0.0,0
2239,0.0,0
38944,0.0,1
12906,1.0,1
32318,1.0,1
45877,0.0,0
68124,1.0,0
16955,1.0,1
28611,0.0,0
2064,1.0,0
29455,0.0,1
40101,0.0,1
13377,1.0,0
32901,1.0,1
61841,1.0,1
3999,1.0,1
14730,0.0,0
5257,1.0,1
17655,1.0,1
39029,0.0,0
43952,0.0,0
58762,0.0,0
54965,0.0,1
42501,1.0,1
44300,0.0,1
21202,0.0,1
21675,0.0,1
32818,1.0,0
4968,0.0,0
899,0.0,1
2034,0.0,1
31280,1.0,0
19625,0.0,1
45903,0.0,1
562,0.0,1
45831,1.0,0
69100,1.0,1
64961,0.0,0
26189,0.0,0
51978,0.0,0
17981,0.0,0
5350,1.0,1
31953,0.0,1
57286,1.0,0
25204,0.0,0
48065,1.0,0
66906,0.0,0
58745,1.0,1
61591,0.0,1
18612,1.0,1
5698,1.0,0
39019,1.0,1
53701,0.0,0
51929,1.0,1
59333,1.0,1
67055,0.0,0
63640,1.0,0
26805,0.0,1
1645,0.0,1
9247,1.0,1
17773,0.0,1
51081,0.0,1
19025,0.0,1
35955,0.0,0
49719,0.0,0
55872,1.0,0
26587,1.0,1
6075,0.0,0
51544,0.0,1
22402,0.0,0
12235,1.0,1
16783,0.0,0
44418,0.0,0
3175,1.0,1
13016,0.0,1
63592,1.0,0
56738,1.0,1
17766,0.0,1
46048,1.0,0
38476,1.0,0
26453,0.0,1
530,1.0,1
47884,1.0,0
41451,1.0,1
53765,1.0,0
35938,0.0,1
67296,0.0,1
15353,1.0,0
9754,1.0,1
67499,1.0,1
44170,1.0,0
42066,0.0,1
49417,1.0,0
7209,0.0,0
49071,0.0,1
65083,0.0,1
35055,0.0,1
61411,0.0,1
59899,1.0,1
48340,0.0,0
26778,0.0,0
68111,0.0,1
9853,0.0,1
51232,0.0,1
35016,0.0,0
57523,1.0,1
15940,0.0,1
48166,1.0,1
13690,0.0,0
48418,0.0,1
53012,1.0,1
24579,1.0,0
50332,0.0,1
14758,0.0,1
4354,0.0,0
11672,0.0,0
17090,0.0,1
68341,0.0,1
22858,0.0,0
55448,1.0,0
66505,1.0,0
19352,1.0,0
60598,1.0,1
69053,0.0,0
59288,1.0,0
39425,1.0,1
20975,0.0,1
22174,1.0,1
45300,1.0,1
62141,1.0,1
58254,0.0,0
1885,1.0,1
28524,0.0,1
52731,0.0,1
51563,0.0,1
61488,1.0,0
11718,0.0,1
38597,1.0,0
59167,1.0,0
62863,1.0,1
17762,1.0,1
69185,0.0,0
51602,0.0,0
2511,0.0,1
19693,0.0,0
41192,0.0,1
6585,0.0,1
44001,1.0,1
53838,1.0,1
19366,0.0,1
15016,1.0,0
51857,0.0,1
54258,0.0,1
1458,1.0,1
16107,0.0,0
32512,0.0,0
38230,0.0,1
7203,0.0,1
30722,0.0,1
18228,0.0,1
17623,0.0,1
30585,0.0,1
60388,0.0,0
64916,1.0,1
8161,0.0,0
29896,1.0,0
3416,0.0,1
28248,1.0,0
44059,1.0,0
56081,1.0,1
51107,0.0,1
2315,0.0,1
17705,0.0,0
33464,1.0,1
17808,0.0,1
9790,0.0,1
6982,0.0,1
32271,1.0,0
61401,0.0,1
7669,0.0,0
67798,1.0,1
18990,0.0,1
28068,0.0,0
2534,1.0,1
12589,1.0,1
56700,0.0,1
5002,0.0,1
55673,0.0,0
14909,1.0,0
29789,1.0,0
47337,1.0,0
50428,0.0,1
58180,1.0,1
7491,0.0,0
47908,1.0,0
43383,1.0,0
48601,0.0,0
57176,0.0,1
29410,0.0,1
31770,0.0,0
6830,0.0,0
65253,0.0,1
1931,1.0,0
65793,0.0,0
1624,0.0,0
16836,0.0,1
67319,0.0,0
24640,1.0,1
5358,0.0,1
49942,1.0,0
69537,1.0,0
21498,0.0,0
40372,1.0,1
59566,0.0,1
54390,0.0,1
43117,0.0,1
44292,0.0,0
55934,1.0,1
18319,0.0,1
28679,1.0,0
1830,1.0,0
65026,1.0,1
10821,0.0,0
49762,1.0,1
43459,0.0,1
7071,1.0,1
52042,1.0,0
12789,1.0,1
22378,0.0,1
68784,0.0,0
52245,0.0,0
7714,1.0,1
25849,0.0,1
18247,0.0,0
53943,1.0,1
55288,1.0,1
56943,0.0,1
54721,0.0,0
66426,1.0,1
25765,0.0,1
34611,1.0,1
57528,0.0,1
24421,0.0,1
9368,1.0,0
30589,0.0,1
5641,1.0,0
50653,1.0,1
13704,1.0,1
15944,0.0,0
54995,1.0,1
56799,0.0,1
18267,1.0,1
48070,0.0,1
39411,1.0,1
16803,1.0,1
1678,1.0,1
37673,0.0,0
24534,1.0,0
27961,1.0,1
9040,1.0,0
37931,0.0,1
47959,1.0,0
22952,0.0,1
36577,0.0,0
60481,0.0,0
55358,0.0,1
18955,0.0,0
15457,1.0,1
59911,0.0,1
52080,1.0,1
63417,0.0,1
3149,1.0,0
3350,0.0,1
63788,1.0,1
46856,0.0,1
13487,0.0,0
2396,0.0,0
47245,1.0,0
40566,0.0,1
20872,0.0,1
63590,0.0,0
5634,0.0,0
63131,1.0,0
48069,1.0,1
24704,0.0,1
48370,0.0,0
1380,0.0,0
63091,0.0,1
66405,0.0,0
30728,0.0,1
33935,0.0,1
24490,0.0,0
2941,0.0,0
53927,1.0,1
3089,0.0,0
62244,1.0,1
59133,1.0,0
65329,1.0,1
64968,0.0,1
22563,0.0,0
2551,0.0,1
48726,0.0,0
66478,0.0,1
17074,0.0,0
5638,0.0,1
45149,0.0,0
8106,0.0,1
65466,1.0,1
45355,1.0,1
44025,0.0,1
34545,0.0,1
62447,1.0,1
7024,1.0,1
491,0.0,0
47070,0.0,0
69340,1.0,0
51908,0.0,1
25083,1.0,0
54021,0.0,0
46230,0.0,1
7085,0.0,0
57743,0.0,1
50027,0.0,0
52940,0.0,1
51782,0.0,1
68930,0.0,0
46097,0.0,1
39145,0.0,1
10512,1.0,1
38271,1.0,0
16925,1.0,0
63538,0.0,1
17452,1.0,1
9397,1.0,0
56497,0.0,0
33265,0.0,1
33885,1.0,0
22322,0.0,1
66374,0.0,1
62022,0.0,1
44210,1.0,1
16504,0.0,1
34405,1.0,0
62143,1.0,1
37815,1.0,0
21616,0.0,1
58614,0.0,0
53086,0.0,1
42382,0.0,1
43309,0.0,1
56375,1.0,1
18307,0.0,1
34926,1.0,1
63134,0.0,1
11489,0.0,0
43459,0.0,0
59282,0.0,0
66869,1.0,0
2601,0.0,1
34015,0.0,0
31027,0.0,0
66789,1.0,0
29322,0.0,0
18459,0.0,0
39127,0.0,1
41790,1.0,0
23707,0.0,1
16804,1.0,0
21131,0.0,1
31456,1.0,1
68781,1.0,1
67653,1.0,1
25148,0.0,0
6112,1.0,0
50214,1.0,0
22886,0.0,1
68327,0.0,0
14285,1.0,1
49401,0.0,1
39240,0.0,1
27112,0.0,0
38534,1.0,0
60459,1.0,1
61277,0.0,0
46904,0.0,0
25059,0.0,1
9878,1.0,0
39281,0.0,1
16061,0.0,0
19457,0.0,1
9622,0.0,1
55255,0.0,1
64924,0.0,0
53356,1.0,0
3824,1.0,0
527,0.0,1
24383,0.0,1
37583,0.0,1
60035,1.0,0
8255,0.0,1
59798,1.0,0
17027,0.0,1
12596,0.0,0
49556,0.0,0
30677,0.0,0
49161,0.0,1
48013,0.0,0
41320,1.0,0
24414,0.0,1
32571,1.0,1
12508,0.0,1
15050,1.0,0
11749,0.0,0
69306,1.0,1
3260,0.0,1
65543,0.0,1
7670,0.0,1
13032,0.0,1
16355,1.0,0
18135,1.0,0
58255,0.0,0
64278,1.0,1
4439,0.0,0
48997,0.0,0
60513,0.0,0
46795,0.0,1
49233,0.0,0
67490,0.0,0
24696,0.0,1
51260,1.0,1
12039,0.0,0
3232,0.0,0
32391,1.0,1
27275,1.0,1
46895,0.0,0
69154,0.0,0
56485,0.0,1
34020,1.0,0
9366,0.0,1
30166,0.0,1
28172,0.0,0
1848,0.0,1
3237,1.0,1
34275,1.0,1
28468,0.0,0
30980,0.0,1
34269,0.0,1
19733,0.0,0
52674,0.0,0
28524,0.0,0
29201,0.0,0
30661,1.0,1
31793,0.0,1
60214,0.0,1
38802,1.0,1
64393,1.0,1
64378,1.0,0
43959,1.0,0
44252,1.0,1
41100,0.0,1
50505,1.0,1
41425,0.0,1
58130,0.0,0
43787,0.0,1
37182,0.0,0
5794,1.0,1
65084,1.0,1
15959,0.0,1
45217,1.0,0
13125,0.0,0
4404,0.0,0
47924,1.0,1
7853,0.0,1
56982,1.0,0
5720,1.0,1
848,1.0,0
17909,1.0,1
33771,1.0,0
20595,1.0,0
58420,0.0,0
54506,1.0,0
21518,0.0,0
1195,0.0,1
59290,1.0,1
30835,0.0,1
34509,1.0,0
63503,0.0,1
30978,0.0,0
58420,0.0,1
40655,1.0,1
12028,1.0,1
10272,0.0,1
25331,0.0,0
62578,0.0,0
34695,1.0,1
14324,0.0,0
34978,0.0,1
498,1.0,1
36341,1.0,0
57240,1.0,1
24669,0.0,1
53959,0.0,0
22292,0.0,1
37819,1.0,0
63360,0.0,0
4100,0.0,1
4137,0.0,1
43877,1.0,0
5107,0.0,1
28140,0.0,1
48576,0.0,1
47909,0.0,0
12153,0.0,1
31962,1.0,0
67580,0.0,1
46696,1.0,1
1489,0.0,1
24185,0.0,1
59639,1.0,1
31875,0.0,0
10216,0.0,1
26978,1.0,1
44747,0.0,1
61428,0.0,0
64489,1.0,0
3840,1.0,0
10,0.0,1
29454,0.0,1
25073,0.0,0
64264,0.0,0
50897,0.0,1
54277,0.0,1
46902,1.0,1
13963,1.0,1
41025,0.0,1
56749,0.0,0
42694,1.0,0
4282,1.0,1
45694,1.0,0
42375,1.0,0
68403,0.0,0
56590,1.0,1
59036,1.0,1
32013,0.0,1
20518,1.0,1
47163,0.0,0
48633,0.0,0
6494,1.0,0
23459,1.0,0
54258,0.0,0
67212,1.0,1
62061,0.0,1
34846,0.0,0
1278,0.0,0
23270,1.0,1
23793,0.0,0
22832,1.0,1
11767,0.0,1
40773,0.0,1
3056,0.0,0
37329,1.0,0
26755,1.0,1
16659,0.0,0
3204,0.0,0
39009,1.0,0
66004,1.0,1
53911,0.0,0
11496,1.0,1
65343,1.0,0
41137,1.0,0
51687,0.0,1
1544,0.0,0
46238,0.0,0
30787,0.0,0
32080,0.0,1
56808,1.0,1
61909,1.0,0
58436,1.0,1
31651,0.0,1
31598,0.0,0
12268,0.0,0
6398,1.0,1
30247,0.0,0
23883,0.0,1
13164,0.0,0
57305,0.0,0
19953,1.0,1
9302,1.0,1
34072,0.0,1
63238,1.0,0
10736,0.0,1
44104,1.0,1
62309,1.0,1
39595,0.0,0
41441,0.0,1
49991,0.0,1
36538,0.0,1
51262,1.0,1
60818,1.0,0
43775,0.0,1
64269,0.0,1
5199,0.0,0
68645,0.0,1
28433,0.0,1
31923,0.0,1
33115,1.0,0
52021,1.0,0
53151,1.0,1
10422,1.0,0
61211,0.0,1
36942,0.0,1
32043,1.0,0
26438,1.0,1
46663,0.0,1
71,0.0,0
64389,0.0,0
33118,0.0,1
23001,0.0,1
37754,0.0,1
65266,1.0,0
40375,1.0,0
65841,0.0,0
17030,0.0,1
59419,0.0,0
52223,0.0,1
36630,0.0,0
39451,0.0,1
57985,1.0,0
69585,1.0,1
57838,0.0,0
67274,0.0,1
63244,1.0,1
6152,1.0,1
25258,0.0,0
18277,0.0,0
3346,0.0,1
54345,0.0,0
34119,0.0,1
49313,0.0,1
22490,1.0,0
21420,1.0,0
63618,0.0,1
26036,1.0,0
67262,0.0,0
13283,0.0,1
64244,0.0,0
25535,0.0,1
29675,0.0,1
3522,1.0,1
33638,0.0,0
46758,0.0,0
2041,1.0,1
10676,1.0,1
24236,0.0,0
61393,1.0,1
61895,1.0,1
42183,0.0,1
1182,0.0,0
30199,0.0,1
7380,0.0,1
16304,1.0,0
15935,0.0,1
7394,1.0,0
21119,0.0,1
38114,0.0,0
29537,1.0,1
50513,1.0,1
67465,1.0,1
17322,0.0,1
38400,0.0,0
42271,0.0,0
50981,0.0,1
44542,1.0,1
42087,0.0,1
62381,1.0,1
27978,1.0,0
25215,1.0,1
3194,0.0,0
44213,0.0,1
42427,0.0,1
49871,0.0,1
59170,1.0,1
31788,0.0,1
31760,0.0,1
2815,0.0,0
69299,0.0,0
26045,1.0,0
63876,0.0,0
7581,0.0,1
54030,0.0,1
10983,0.0,1
22687,0.0,1
53396,0.0,1
61165,0.0,1
69154,0.0,1
55526,0.0,0
21464,0.0,1
36043,1.0,1
9802,0.0,1
36171,1.0,1
31308,1.0,1
1621,0.0,1
58996,1.0,1
1911,0.0,0
11624,1.0,0
13821,0.0,0
33001,0.0,0
11741,0.0,1
3229,0.0,0
56350,1.0,0
62875,1.0,1
19513,0.0,1
3135,0.0,1
43683,1.0,1
65645,1.0,1
5223,0.0,1
25575,1.0,1
8859,1.0,0
21864,0.0,0
35895,1.0,1
20793,1.0,1
58077,0.0,1
21629,1.0,0
64502,0.0,0
67970,1.0,1
48952,0.0,1
14368,0.0,1
34546,0.0,1
12273,1.0,1
41720,1.0,0
42560,0.0,0
16534,1.0,0
58707,1.0,0
52996,1.0,0
26183,0.0,1
48071,0.0,0
68572,1.0,0
36147,1.0,0
56809,1.0,0
36258,0.0,1
42189,0.0,0
42972,0.0,0
13881,0.0,0
4048,1.0,1
21696,1.0,1
137,1.0,1
46059,0.0,0
40947,0.0,1
25140,1.0,0
66868,1.0,1
6600,1.0,1
40182,0.0,1
33205,1.0,0
13498,1.0,1
57966,1.0,1
62246,0.0,1
37810,0.0,1
38898,0.0,0
18328,0.0,1
51779,1.0,1
112,0.0,0
21183,1.0,0
2752,0.0,1
57109,0.0,0
5343,1.0,1
62975,0.0,1
39568,1.0,1
11990,1.0,0
18286,0.0,0
23360,1.0,0
45190,0.0,0
4791,1.0,1
3483,1.0,0
50927,0.0,0
64002,0.0,0
59267,0.0,0
44632,1.0,0
51352,0.0,1
33455,0.0,0
42813,1.0,0
31148,1.0,1
40587,1.0,1
4253,1.0,0
52205,0.0,0
56080,0.0,0
3248,1.0,1
57877,1.0,1
58612,0.0,1
51608,1.0,0
50419,1.0,1
68801,1.0,1
37874,1.0,1
50530,0.0,1
41717,0.0,0
14201,0.0,0
60122,1.0,1
11814,1.0,1
67824,1.0,0
63394,0.0,0
43057,1.0,1
47961,0.0,0
67342,0.0,1
59266,1.0,1
13769,1.0,1
49929,0.0,0
62070,1.0,1
55068,1.0,1
57943,0.0,0
35597,0.0,1
18702,0.0,1
67675,0.0,1
30899,0.0,1
9441,0.0,0
27309,0.0,1
15579,0.0,1
38889,1.0,0
58181,1.0,0
5700,0.0,1
68880,0.0,1
12661,0.0,1
38679,1.0,0
24786,0.0,1
15918,0.0,0
3334,1.0,0
39865,1.0,0
64616,1.0,1
59732,1.0,1
67045,0.0,0
11374,0.0,0
24779,1.0,0
64719,1.0,1
47585,0.0,0
60001,0.0,1
16666,1.0,1
37182,0.0,1
24296,0.0,0
52534,0.0,1
23831,1.0,0
1674,1.0,0
46146,1.0,1
69639,0.0,1
60152,0.0,1
714,0.0,0
45176,0.0,0
23564,0.0,1
62333,1.0,1
66963,1.0,1
68921,0.0,1
19482,0.0,1
304,0.0,0
15287,0.0,1
40963,1.0,1
40664,0.0,1
34702,0.0,0
1535,1.0,0
43609,1.0,1
14171,1.0,1
12812,1.0,0
4892,0.0,0
58622,0.0,0
50611,1.0,1
5623,1.0,1
67241,1.0,1
11682,0.0,1
19681,0.0,0
8385,1.0,1
62668,0.0,1
17844,1.0,1
60677,1.0,1
59583,0.0,1
65615,1.0,1
41738,1.0,1
54591,1.0,1
59128,0.0,1
54496,0.0,1
52830,1.0,0
26440,0.0,0
59691,0.0,1
27098,1.0,0
48124,0.0,0
54594,1.0,1
57351,1.0,0
62712,0.0,0
34149,1.0,0
42394,0.0,0
65381,0.0,1
66001,1.0,0
30836,0.0,0
23295,0.0,1
60272,0.0,0
33970,0.0,0
31016,0.0,1
14829,0.0,1
35657,0.0,0
680,0.0,0
27234,0.0,0
21076,0.0,0
23720,0.0,0
1040,1.0,1
40457,1.0,0
12170,0.0,1
15383,1.0,1
56906,0.0,1
844,1.0,1
22854,1.0,0
61133,0.0,1
20857,0.0,1
51603,0.0,0
51156,1.0,1
14862,0.0,1
47566,0.0,0
20462,0.0,1
8058,1.0,0
35858,0.0,1
36481,0.0,0
27394,1.0,1
21842,0.0,0
56340,1.0,0
27064,0.0,0
63984,0.0,1
6829,1.0,0
26764,1.0,0
18947,0.0,1
1884,0.0,0
7982,0.0,0
18951,0.0,0
64443,0.0,1
16614,1.0,1
48730,1.0,1
63303,0.0,1
23927,0.0,1
61764,1.0,1
24235,1.0,0
49298,1.0,0
38153,0.0,0
2545,0.0,1
48576,0.0,1
14892,1.0,0
67027,1.0,0
42792,1.0,1
16155,0.0,1
32416,0.0,0
35750,1.0,0
2787,0.0,1
40806,0.0,1
1346,0.0,1
69572,1.0,1
22690,1.0,1
11208,0.0,1
26651,0.0,0
41767,1.0,1
12690,1.0,1
61297,0.0,1
46859,0.0,1
8955,0.0,0
60346,0.0,1
44335,0.0,1
25811,0.0,1
53545,1.0,1
69093,1.0,1
21998,0.0,0
46105,0.0,1
39226,1.0,1
13147,0.0,0
57408,0.0,1
56773,1.0,1
67296,0.0,1
68739,0.0,0
28471,0.0,1
1423,0.0,1
59223,1.0,1
40641,1.0,0
29541,1.0,1
64579,1.0,1
64018,0.0,1
57832,1.0,0
9738,0.0,1
13927,0.0,1
66949,1.0,1
41519,1.0,1
13018,0.0,1
82,0.0,1
61513,0.0,1
3738,0.0,1
61012,1.0,0
32632,0.0,1
13742,1.0,1
21449,0.0,1
13492,0.0,1
26165,1.0,1
2382,1.0,0
60625,0.0,1
45227,1.0,0
58567,1.0,1
22297,0.0,1
37276,0.0,1
35274,0.0,1
43043,0.0,1
60322,1.0,0
2170,0.0,1
39904,1.0,0
1587,1.0,1
23538,0.0,1
4062,0.0,0
29086,1.0,0
50171,0.0,0
45105,1.0,1
25152,0.0,0
65038,1.0,1
35710,1.0,0
68289,1.0,1
66513,0.0,1
3075,0.0,1
61086,1.0,0
67545,1.0,1
11988,0.0,1
24268,1.0,0
29172,1.0,0
5588,0.0,1
5773,1.0,1
11300,1.0,0
26852,0.0,1
63625,1.0,1
8322,0.0,0
53917,0.0,1
53389,0.0,0
41125,1.0,1
49168,1.0,0
12700,0.0,0
25848,0.0,0
64830,1.0,1
8569,1.0,0
11579,1.0,0
61747,0.0,1
66424,1.0,0
32093,0.0,0
49284,0.0,0
20213,0.0,0
33376,0.0,1
2624,1.0,1
58909,0.0,0
22142,0.0,0
46764,0.0,1
21626,0.0,1
48557,0.0,1
28564,1.0,1
3746,0.0,0
7545,1.0,1
15580,1.0,0
46887,0.0,0
10673,0.0,0
41785,0.0,0
63425,0.0,1
58325,0.0,1
14672,0.0,0
56898,1.0,0
28748,0.0,0
46651,0.0,1
56855,1.0,0
67596,1.0,1
25263,0.0,1
37463,0.0,0
64407,1.0,1
57170,0.0,0
12019,0.0,1
9826,0.0,0
40811,1.0,1
33002,0.0,0
36971,0.0,0
38977,0.0,1
9373,1.0,1
38511,0.0,1
59493,0.0,1
2735,0.0,0
37770,0.0,0
65622,1.0,1
51086,0.0,1
39630,1.0,1
26526,1.0,1
11870,0.0,1
46947,1.0,1
44920,1.0,0
50585,0.0,1
5505,1.0,0
44843,0.0,1
29671,0.0,0
26455,1.0,1
41497,0.0,1
33995,1.0,0
47479,1.0,1
17539,0.0,0
4785,0.0,1
48918,0.0,1
6305,1.0,0
40369,0.0,0
5582,0.0,1
67101,1.0,0
45343,1.0,0
688,1.0,0
58571,1.0,1
6311,0.0,1
19021,1.0,1
35155,0.0,1
21632,0.0,1
55601,1.0,1
58090,1.0,1
91,1.0,1
39242,0.0,1
45139,0.0,1
26628,1.0,1
25691,1.0,0
67122,0.0,0
36139,1.0,0
43589,1.0,1
777,0.0,0
60995,1.0,0
44942,1.0,1
56285,0.0,1
22305,1.0,1
25357,0.0,1
69232,1.0,1
68267,1.0,1
47996,1.0,1
47997,1.0,0
2102,0.0,1
60218,1.0,1
56961,0.0,0
19541,0.0,1
21894,0.0,0
41598,1.0,0
46088,0.0,0
53875,1.0,0
20683,0.0,1
15650,0.0,0
45810,1.0,0
31283,1.0,0
32458,0.0,0
35811,1.0,1
64935,0.0,0
1980,1.0,0
42227,0.0,0
3274,0.0,1
16817,0.0,1
32232,1.0,0
6039,0.0,0
32891,0.0,1
29189,0.0,0
61837,0.0,1
60467,1.0,0
36204,0.0,0
66537,1.0,1
49416,0.0,0
49693,0.0,0
21456,0.0,0
22098,0.0,0
19744,1.0,1
38185,1.0,1
33797,1.0,0
13909,0.0,1
58041,1.0,1
15042,0.0,1
42031,0.0,0
41020,0.0,0
37201,0.0,1
61333,0.0,1
45474,1.0,0
8242,1.0,0
61696,1.0,0
19207,1.0,1
14405,1.0,1
15085,0.0,0
14974,1.0,1
40455,1.0,1
34945,1.0,1
8450,0.0,1
22384,0.0,1
7703,1.0,1
7217,0.0,1
9714,1.0,1
46090,1.0,1
65467,0.0,1
6941,1.0,1
18510,1.0,0
32132,0.0,1
59142,0.0,0
45317,0.0,1
39124,0.0,1
51017,1.0,1
9285,0.0,1
19618,1.0,1
25380,1.0,1
67704,0.0,0
26327,0.0,1
66660,1.0,1
69112,1.0,0
52727,1.0,1
19454,0.0,0
62769,0.0,0
62283,0.0,1
49041,1.0,0
69001,1.0,0
25373,0.0,1
51627,1.0,0
56749,0.0,1
4018,1.0,1
58923,1.0,1
624,0.0,1
54633,1.0,1
48304,0.0,1
8771,0.0,0
42165,0.0,1
13726,0.0,1
32192,0.0,0
60111,1.0,1
63285,1.0,1
42628,0.0,0
31758,1.0,0
4176,0.0,1
41203,0.0,1
52825,1.0,1
54773,0.0,1
55619,0.0,0
3650,0.0,1
7336,0.0,1
64239,0.0,0
60183,1.0,0
5727,1.0,0
17468,1.0,1
21511,1.0,1
58589,0.0,1
16701,1.0,0
60312,1.0,1
7863,0.0,1
42434,0.0,0
13764,0.0,0
31800,1.0,0
61678,0.0,1
15684,1.0,1
65097,0.0,1
39857,0.0,1
68339,1.0,1
20681,1.0,1
38788,1.0,0
30045,1.0,0
24404,0.0,0
37147,0.0,1
5411,1.0,0
54473,0.0,1
42265,0.0,1
7251,0.0,0
30439,0.0,1
18732,0.0,0
19885,0.0,0
67479,1.0,0
66483,0.0,1
30742,0.0,1
29251,1.0,0
16010,0.0,0
69430,0.0,1
56312,0.0,0
39014,0.0,1
22568,0.0,0
43752,1.0,1
53299,1.0,1
55869,0.0,0
25660,0.0,0
14537,1.0,1
18965,0.0,0
1230,0.0,0
5206,1.0,1
23977,0.0,1
39311,1.0,1
37105,1.0,1
56967,0.0,1
16306,1.0,0
31963,0.0,0
45829,1.0,1
49726,0.0,0
2524,0.0,0
16021,1.0,0
3848,0.0,0
62433,1.0,0
12357,0.0,1
54754,1.0,1
24256,0.0,0
48095,1.0,1
2240,0.0,1
7509,1.0,0
51646,1.0,1
65679,1.0,1
399,1.0,1
30642,0.0,0
68054,0.0,1
24559,0.0,1
7769,1.0,1
10588,0.0,0
44687,0.0,0
51513,0.0,1
44048,0.0,1
52413,1.0,1
40402,0.0,0
67092,0.0,1
41998,1.0,1
51970,0.0,1
46306,0.0,1
21069,0.0,1
41094,1.0,0
13721,1.0,1
14100,0.0,0
61766,1.0,1
8416,0.0,0
26498,0.0,1
64048,0.0,0
24598,0.0,0
6543,0.0,1
37474,1.0,0
68954,0.0,1
46792,1.0,1
23043,0.0,1
69529,0.0,1
26183,0.0,1
17115,1.0,0
56232,1.0,0
33448,0.0,0
61063,1.0,1
23954,0.0,1
11322,0.0,0
47631,0.0,1
33773,0.0,0
55999,1.0,1
64403,1.0,0
34589,0.0,0
33611,0.0,0
27896,1.0,1
58244,0.0,0
38313,0.0,1
3854,0.0,1
64783,0.0,1
40259,0.0,0
10135,1.0,1
10787,0.0,1
46134,0.0,0
48684,0.0,1
23864,1.0,0
20276,0.0,0
56396,0.0,0
43644,1.0,1
1764,1.0,1
11576,0.0,1
4145,0.0,0
27439,0.0,0
26898,0.0,1
20034,0.0,1
6698,1.0,1
27524,0.0,0
65664,1.0,1
45766,0.0,1
5245,1.0,0
30372,1.0,1
17223,0.0,0
23549,0.0,0
2783,1.0,0
13457,0.0,1
34824,1.0,0
5028,1.0,0
67796,0.0,1
57238,0.0,0
32345,0.0,1
33399,0.0,1
38284,0.0,1
39492,0.0,0
30815,0.0,0
58594,0.0,0
2415,1.0,1
54516,0.0,1
22610,1.0,0
26353,0.0,1
63688,0.0,0
56810,0.0,1
27142,0.0,1
21425,0.0,0
8948,0.0,0
28544,0.0,0
5224,0.0,1
12306,1.0,1
60195,1.0,1
27424,1.0,1
65875,1.0,0
44307,0.0,0
23668,0.0,1
21527,1.0,1
2270,0.0,1
33878,0.0,1
33806,0.0,0
4294,0.0,0
36865,0.0,0
54679,1.0,1
31779,0.0,0
63185,1.0,1
2739,0.0,1
61003,1.0,0
6524,1.0,1
8243,0.0,1
53100,1.0,1
1549,0.0,1
30021,0.0,1
51177,0.0,1
41234,1.0,1
6299,0.0,0
25457,0.0,0
4137,0.0,0
25461,1.0,1
27143,1.0,0
15413,1.0,0
6093,1.0,0
16040,0.0,1
33036,0.0,1
8350,1.0,0
25676,0.0,1
11526,0.0,1
34542,0.0,1
7271,0.0,0
21388,0.0,0
58107,0.0,0
5093,0.0,0
22165,0.0,0
54444,0.0,0
36032,0.0,0
57552,0.0,1
30180,0.0,1
30184,0.0,0
49113,0.0,1
48055,0.0,1
66896,1.0,1
5935,0.0,1
18095,1.0,1
28973,1.0,0
5512,0.0,1
132,0.0,1
49704,0.0,1
57981,0.0,0
45502,1.0,0
9742,1.0,0
42043,1.0,0
4336,0.0,0
59125,1.0,1
52979,1.0,0
30578,1.0,1
38323,1.0,0
4352,1.0,1
15236,0.0,1
2958,0.0,1
53022,1.0,0
60137,0.0,0
61433,1.0,0
5091,1.0,1
46085,0.0,0
16797,1.0,0
55423,0.0,1
15603,0.0,0
55491,1.0,1
69658,1.0,1
42478,0.0,1
47056,0.0,1
51901,1.0,1
21005,0.0,1
55717,0.0,1
17478,0.0,0
13119,0.0,1
23685,1.0,1
47210,1.0,0
68413,0.0,0
20637,0.0,0
15528,0.0,1
51146,1.0,0
13501,0.0,1
13512,0.0,1
47554,0.0,1
858,0.0,0
14758,0.0,0
60713,0.0,1
66729,0.0,0
60979,1.0,0
2272,1.0,1
1487,1.0,1
18132,0.0,1
15895,0.0,1
44068,0.0,1
40928,0.0,0
8133,1.0,0
42159,0.0,0
16885,0.0,1
7904,0.0,1
56463,1.0,0
46376,1.0,1
57547,0.0,1
36859,1.0,1
25178,0.0,1
52745,1.0,0
12719,1.0,0
48756,0.0,0
28559,1.0,1
42241,0.0,1
33436,0.0,1
26975,1.0,1
7858,1.0,1
46780,0.0,1
41622,1.0,1
807,0.0,1
10686,0.0,0
8322,0.0,1
43304,1.0,1
63514,1.0,0
36327,1.0,0
18753,1.0,0
59912,1.0,0
56995,1.0,1
39322,1.0,1
52535,0.0,0
7847,1.0,1
52433,0.0,0
48745,0.0,1
15510,1.0,0
58881,0.0,0
66722,0.0,1
44686,0.0,0
2410,0.0,0
43983,0.0,1
66493,1.0,0
63057,1.0,0
59466,1.0,1
55453,0.0,0
31261,1.0,0
7710,1.0,1
32198,0.0,1
13448,0.0,0
59117,0.0,1
33295,1.0,0
54128,0.0,1
44227,0.0,0
16658,0.0,1
59855,1.0,0
17558,0.0,0
41678,1.0,0
60283,0.0,0
46171,1.0,1
68455,1.0,1
68548,0.0,1
59980,0.0,0
19545,1.0,0
43226,0.0,1
51939,0.0,1
58816,0.0,0
35770,0.0,0
49436,1.0,1
39439,0.0,1
53557,0.0,1
53446,1.0,1
39132,0.0,0
12015,1.0,1
2673,0.0,0
47301,0.0,0
41710,1.0,1
29617,0.0,0
51266,0.0,0
60535,0.0,1
57427,0.0,1
48288,0.0,1
52660,1.0,0
19570,0.0,0
62458,1.0,1
46233,0.0,0
35443,0.0,1
37244,1.0,1
53415,1.0,1
69008,1.0,1
18819,0.0,1
48354,0.0,0
47470,0.0,1
63657,0.0,1
60861,1.0,1
722,0.0,1
47354,0.0,1
25007,0.0,1
8760,1.0,1
65569,0.0,0
1873,0.0,1
26894,1.0,0
39386,1.0,1
11027,1.0,0
33761,0.0,1
22887,1.0,0
39498,1.0,1
32011,0.0,1
3315,0.0,0
26216,1.0,0
66898,1.0,1
32141,1.0,0
50558,0.0,1
68598,0.0,1
16981,1.0,0
8153,0.0,1
48120,0.0,1
52494,0.0,1
38744,0.0,1
48672,1.0,0
40785,0.0,1
58715,0.0,0
55382,0.0,1
67658,1.0,1
67319,0.0,0
60097,1.0,1
20269,0.0,1
65753,1.0,0
10611,0.0,0
4409,0.0,1
14832,0.0,1
29949,0.0,1
25992,1.0,1
39757,0.0,0
65595,0.0,1
49052,0.0,1
30315,0.0,1
63420,0.0,0
7825,0.0,1
58222,0.0,1
25082,1.0,0
45271,0.0,1
20950,1.0,1
43762,0.0,1
68063,0.0,1
31390,1.0,1
22814,0.0,0
1230,0.0,0
39654,0.0,1
48104,0.0,1
40284,0.0,0
189,1.0,0
18007,1.0,1
4677,1.0,0
24648,1.0,1
26682,0.0,1
45948,0.0,1
15446,0.0,1
45518,1.0,1
50924,0.0,1
34753,1.0,1
55776,0.0,0
36953,1.0,1
48813,0.0,0
35898,0.0,1
62767,0.0,1
41791,1.0,1
28611,0.0,1
32680,1.0,0
54963,0.0,1
36804,1.0,0
15224,1.0,1
42835,1.0,0
65282,0.0,1
22124,1.0,1
56790,0.0,0
33419,1.0,1
57927,0.0,1
10439,0.0,0
37967,0.0,1
21325,0.0,1
64349,0.0,1
31060,1.0,1
50445,0.0,1
41076,0.0,0
67357,1.0,1
1518,0.0,0
54806,1.0,0
62264,1.0,1
32992,0.0,1
9717,0.0,1
16648,0.0,1
6594,0.0,1
43125,1.0,0
8628,0.0,0
26828,0.0,1
42488,1.0,0
61561,1.0,1
26138,0.0,0
8827,0.0,1
9339,0.0,1
68123,1.0,1
3362,0.0,1
6070,1.0,1
62455,0.0,1
42572,0.0,1
27850,1.0,1
43047,0.0,0
51312,0.0,0
18018,1.0,0
59214,1.0,0
17840,0.0,0
14026,0.0,0
4346,1.0,1
54628,0.0,0
22069,1.0,1
18793,0.0,1
3268,0.0,0
56040,0.0,0
49669,0.0,0
30287,1.0,1
35666,0.0,0
3935,1.0,1
64931,0.0,1
36310,0.0,1
68256,0.0,1
14,0.0,0
47040,0.0,1
885,1.0,0
25585,0.0,1
16387,0.0,0
38042,0.0,0
58201,1.0,0
62344,1.0,1
6036,0.0,0
63350,0.0,1
60362,1.0,1
54452,0.0,1
67515,0.0,1
32196,0.0,0
49564,0.0,1
34377,0.0,0
48211,1.0,0
35500,0.0,0
17882,1.0,0
51565,0.0,1
55357,0.0,0
3766,1.0,0
26762,1.0,0
48606,0.0,1
10406,0.0,0
59006,1.0,1
23072,0.0,0
58491,0.0,1
7136,0.0,1
61861,1.0,0
54755,0.0,0
52953,1.0,1
42477,0.0,1
17789,0.0,1
51478,0.0,0
32605,0.0,0
61041,1.0,1
49765,0.0,0
67629,0.0,1
10265,1.0,1
65394,0.0,1
63124,1.0,1
49957,0.0,0
7475,1.0,1
54378,1.0,0
68537,0.0,1
10252,1.0,0
27779,1.0,0
17227,0.0,0
53626,1.0,1
45194,0.0,1
48670,1.0,1
47983,0.0,1
53533,1.0,1
10449,0.0,0
65426,0.0,0
59614,1.0,1
39547,0.0,1
59301,1.0,1
20864,0.0,1
33741,1.0,0
62282,0.0,0
53165,1.0,1
9620,0.0,1
37807,0.0,0
57929,1.0,1
40498,0.0,0
58065,0.0,0
12046,1.0,0
41563,0.0,1
18503,0.0,1
55061,1.0,1
64771,1.0,1
66772,0.0,0
49381,1.0,1
34913,0.0,1
64101,0.0,0
13612,1.0,0
34140,0.0,0
42973,1.0,1
54934,0.0,1
38755,0.0,0
21744,0.0,1
32798,1.0,1
54190,1.0,1
43531,1.0,0
30842,1.0,0
9311,1.0,0
10413,0.0,1
49434,0.0,0
32204,1.0,1
13910,0.0,0
64036,1.0,1
21318,0.0,1
56343,1.0,0
11492,0.0,1
60603,0.0,0
52041,0.0,1
3305,1.0,1
10609,0.0,1
42962,0.0,1
22455,0.0,0
65414,1.0,0
68843,1.0,0
56537,1.0,1
45637,1.0,1
58088,1.0,1
50286,0.0,0
25670,1.0,1
52659,0.0,1
3835,1.0,0
26855,1.0,1
65739,1.0,0
12090,1.0,1
2323,0.0,1
63560,0.0,0
62705,0.0,1
16143,1.0,1
30171,1.0,1
54277,0.0,0
2498,1.0,1
2764,1.0,1
69596,1.0,1
52109,1.0,0
45322,0.0,0
27221,0.0,0
42874,0.0,1
66180,0.0,0
36743,1.0,0
67273,1.0,0
67910,0.0,1
17657,1.0,0
20253,1.0,0
49517,1.0,1
13460,1.0,1
11057,0.0,1
67948,1.0,0
7628,0.0,0
2875,1.0,1
37494,1.0,1
51855,1.0,0
19313,0.0,0
31194,0.0,1
22670,0.0,0
3276,0.0,1
57561,1.0,0
56798,1.0,1
44577,1.0,1
59555,0.0,1
7381,1.0,0
1515,1.0,0
22369,0.0,0
11208,0.0,0
29231,0.0,0
62095,1.0,0
59176,0.0,1
64159,0.0,1
44926,0.0,0
21764,0.0,0
44048,0.0,1
35701,0.0,1
58753,0.0,1
4826,0.0,1
28969,0.0,1
60899,1.0,1
45911,1.0,1
67623,1.0,0
31743,0.0,1
12602,1.0,1
6217,0.0,0
54700,1.0,1
1265,0.0,0
64850,0.0,1
65069,1.0,0
32245,0.0,0
15052,0.0,1
34715,1.0,1
37470,1.0,0
15931,1.0,1
49590,0.0,0
51385,1.0,0
38019,1.0,0
33858,0.0,1
13231,0.0,1
24399,0.0,0
12743,1.0,1
67868,0.0,1
54323,1.0,1
16711,0.0,0
38459,0.0,1
44276,1.0,1
43396,0.0,0
13565,0.0,1
59645,1.0,0
12748,1.0,0
11654,1.0,0
54207,0.0,0
18793,0.0,0
30724,0.0,1
5743,1.0,1
65958,1.0,0
30740,1.0,1
16721,1.0,0
64213,1.0,1
3357,0.0,0
21759,1.0,0
18605,1.0,0
37640,0.0,1
5867,0.0,0
56365,1.0,1
39657,1.0,1
39105,0.0,0
30860,0.0,1
34685,1.0,0
33518,1.0,1
53417,0.0,1
62478,0.0,1
64962,0.0,0
12068,0.0,0
52994,0.0,0
16943,1.0,0
36179,1.0,1
67536,0.0,1
5474,1.0,1
63377,0.0,1
61507,0.0,1
23253,0.0,1
40761,0.0,0
10496,0.0,1
1357,1.0,1
34364,0.0,1
15090,0.0,0
10018,0.0,1
60775,1.0,0
38945,0.0,1
19077,0.0,0
29899,0.0,1
9396,0.0,1
26331,1.0,1
28403,0.0,0
34130,0.0,1
18543,0.0,1
67127,1.0,0
19177,0.0,0
8071,0.0,1
9663,0.0,0
59193,0.0,0
29431,1.0,0
35152,1.0,0
27072,0.0,1
5207,0.0,0
66900,0.0,1
14876,0.0,0
39052,0.0,1
30168,1.0,0
15620,1.0,0
1324,0.0,0
62096,1.0,1
10117,0.0,1
4469,0.0,0
37633,1.0,1
33736,1.0,0
15080,0.0,1
65320,0.0,1
61992,1.0,1
22110,0.0,1
67980,0.0,1
64159,0.0,0
42340,0.0,0
24356,0.0,0
40168,0.0,0
18424,0.0,1
32369,0.0,0
18233,0.0,1
59696,1.0,1
44052,0.0,1
60386,1.0,0
50246,0.0,1
7784,1.0,1
21822,0.0,1
5102,1.0,0
59976,0.0,0
49347,1.0,0
62967,0.0,0
2227,1.0,1
15047,0.0,0
52008,1.0,0
30203,1.0,1
51844,0.0,1
2518,1.0,0
66250,1.0,1
827,1.0,0
58409,0.0,0
45597,0.0,1
68962,1.0,1
37495,1.0,1
35846,0.0,0
331,1.0,1
44499,0.0,0
46021,0.0,0
51027,1.0,1
63433,0.0,0
64751,1.0,1
45520,1.0,1
63944,1.0,1
69023,1.0,1
11758,1.0,0
22858,0.0,0
22426,0.0,0
23946,0.0,1
51886,0.0,1
49677,1.0,1
61411,0.0,1
14553,0.0,1
15046,1.0,0
21003,1.0,1
63228,0.0,1
50318,0.0,1
26971,1.0,1
2799,0.0,1
66608,1.0,1
17302,0.0,1
65766,0.0,1
60357,1.0,1
66168,0.0,0
43945,1.0,0
48525,1.0,0
8554,1.0,0
31228,1.0,1
21130,1.0,0
65585,0.0,1
34780,0.0,1
10469,0.0,0
56096,0.0,0
65895,0.0,1
3907,0.0,1
46499,0.0,1
49683,1.0,1
32260,1.0,1
41308,1.0,0
68346,0.0,1
34978,0.0,0
33882,1.0,0
55764,1.0,1
67404,0.0,0
44208,0.0,1
52615,0.0,1
56632,1.0,0
46239,0.0,0
9375,1.0,0
59172,1.0,1
58506,1.0,1
14935,1.0,1
48125,1.0,1
5663,1.0,1
8135,1.0,1
3754,0.0,0
62284,0.0,1
37832,0.0,1
1065,0.0,1
57488,0.0,0
28997,0.0,1
52497,1.0,1
52260,0.0,0
18703,0.0,0
47172,0.0,0
62578,0.0,0
48036,0.0,1
33165,0.0,1
60996,1.0,1
63755,1.0,1
53623,0.0,0
29242,1.0,1
49927,0.0,1
58394,1.0,0
26456,1.0,1
30011,1.0,1
23215,0.0,1
68971,1.0,0
6366,1.0,0
37210,1.0,1
29026,0.0,1
14435,0.0,1
49402,0.0,1
28645,1.0,0
29946,1.0,0
39463,0.0,1
69636,0.0,0
11539,0.0,1
23485,0.0,0
48927,0.0,1
41326,0.0,1
54981,0.0,1
34006,0.0,0
13462,0.0,1
1919,1.0,1
20470,0.0,1
28288,0.0,1
61026,0.0,0
20519,0.0,0
51324,1.0,0
21593,1.0,0
12353,1.0,1
27645,0.0,0
58547,1.0,0
47532,1.0,1
12461,1.0,1
20350,0.0,0
34613,1.0,0
45265,0.0,1
16314,1.0,1
44000,0.0,0
4838,1.0,1
52828,1.0,1
9463,0.0,1
5388,0.0,0
58698,1.0,0
31895,0.0,1
43305,0.0,0
66118,1.0,0
3874,0.0,0
48557,0.0,0
38725,0.0,1
1472,1.0,0
50412,0.0,1
39540,0.0,0
59353,1.0,0
62168,1.0,1
14967,1.0,1
59516,0.0,1
56071,0.0,0
6646,0.0,1
1792,0.0,1
15414,1.0,1
56275,0.0,1
23814,0.0,1
15421,1.0,0
33133,0.0,1
49755,1.0,1
26344,0.0,1
24444,1.0,0
9109,0.0,1
45481,0.0,1
49282,1.0,0
52425,1.0,0
39364,0.0,1
56430,1.0,1
4077,0.0,1
38010,1.0,0
1632,0.0,1
56700,0.0,0
44958,0.0,0
37122,1.0,0
35473,0.0,0
23503,0.0,1
68246,0.0,1
65526,0.0,0
40532,0.0,0
31613,0.0,0
12575,1.0,1
32565,0.0,0
28570,1.0,0
38362,0.0,0
63896,1.0,1
9626,0.0,1
44346,1.0,0
44522,0.0,0
3537,0.0,1
6221,0.0,1
47556,0.0,1
56050,1.0,1
7652,0.0,0
58929,0.0,0
261,1.0,0
53464,0.0,1
38139,0.0,0
30473,1.0,1
3216,0.0,1
16679,1.0,1
18639,0.0,0
64700,0.0,1
1992,0.0,1
30380,1.0,1
20476,0.0,0
63647,0.0,1
7549,0.0,0
10081,1.0,1
19453,0.0,0
11927,0.0,0
67864,0.0,0
67493,0.0,1
18985,0.0,1
8824,0.0,0
38082,1.0,0
29301,1.0,0
7783,0.0,0
11186,1.0,1
23765,1.0,0
56827,1.0,1
50166,1.0,1
16560,1.0,1
33583,0.0,0
27696,1.0,1
45573,1.0,1
20957,0.0,1
1242,1.0,1
20955,0.0,0
36582,0.0,1
59884,1.0,0
55656,0.0,1
57215,0.0,1
32347,0.0,0
63839,0.0,0
21334,1.0,0
55576,0.0,1
19844,1.0,1
38716,1.0,0
30953,0.0,1
16546,0.0,0
41827,0.0,1
64291,1.0,1
56500,0.0,0
23298,0.0,1
61224,1.0,1
19213,0.0,0
21752,1.0,0
50475,0.0,0
36350,0.0,1
19976,1.0,1
5515,0.0,0
53531,1.0,0
26430,0.0,1
9598,1.0,1
3382,1.0,0
15951,0.0,0
36225,1.0,1
20086,1.0,1
5514,0.0,1
52560,0.0,1
52237,1.0,1
53915,0.0,1
46244,1.0,1
62142,1.0,1
23222,1.0,0
15108,0.0,0
35309,0.0,1
54587,0.0,1
7916,0.0,1
66800,0.0,0
30375,1.0,1
2988,1.0,0
6717,0.0,0
833,0.0,0
14612,1.0,0
27376,1.0,1
52085,1.0,0
11055,0.0,1
43986,0.0,1
66382,1.0,1
20623,0.0,0
13143,0.0,1
47507,1.0,1
67667,1.0,1
34450,0.0,1
26843,0.0,0
44148,0.0,1
8123,0.0,0
6866,0.0,1
40043,0.0,0
45605,0.0,1
43802,0.0,0
55889,0.0,1
3690,0.0,0
8134,1.0,1
21703,0.0,0
57324,1.0,1
28574,0.0,0
18159,1.0,0
34663,0.0,0
13179,1.0,0
12267,0.0,0
22568,0.0,0
46799,1.0,0
15718,0.0,1
19080,1.0,1
29780,0.0,0
10400,1.0,1
68914,0.0,1
61057,0.0,1
26700,0.0,0
779,1.0,1
13182,0.0,1
8675,0.0,1
22802,0.0,1
1743,0.0,0
9420,1.0,1
22404,1.0,1
27164,0.0,0
53692,0.0,0
61350,1.0,1
52141,0.0,1
55253,0.0,1
45092,0.0,0
42521,1.0,1
44402,1.0,1
13776,1.0,1
27273,0.0,0
21890,1.0,1
67349,0.0,0
38835,0.0,1
16436,0.0,1
14019,1.0,1
48130,1.0,1
48117,1.0,1
14364,1.0,1
13625,0.0,1
50908,0.0,1
58266,0.0,1
14491,0.0,1
40519,1.0,0
30408,1.0,1
43132,0.0,1
55842,1.0,1
2975,1.0,1
930,0.0,0
12912,0.0,1
28677,0.0,1
34989,0.0,0
4630,1.0,0
61284,1.0,0
40192,0.0,0
63138,1.0,1
29052,0.0,1
28744,1.0,0
39953,0.0,0
48227,0.0,0
53730,1.0,0
20052,1.0,0
25955,1.0,1
41944,1.0,1
50186,1.0,0
36480,0.0,1
10165,0.0,1
66417,1.0,1
6714,1.0,0
52472,1.0,0
30548,0.0,0
17743,1.0,0
46983,1.0,0
39052,0.0,0
12880,0.0,1
32757,0.0,1
50187,1.0,0
21934,0.0,0
2535,0.0,1
1641,1.0,0
2862,1.0,0
32995,0.0,1
11419,0.0,0
36498,0.0,0
1202,0.0,0
38315,1.0,1
56699,0.0,0
40441,0.0,0
1711,1.0,0
14034,1.0,1
54038,0.0,1
35255,0.0,0
63357,1.0,0
32140,0.0,0
25882,0.0,1
68318,0.0,0
30400,0.0,0
8433,0.0,0
56926,1.0,1
48032,0.0,1
44820,1.0,1
22332,1.0,1
51404,1.0,1
406,0.0,1
69039,0.0,1
50768,0.0,0
19244,0.0,1
2262,0.0,1
33355,0.0,1
23844,0.0,0
69457,0.0,1
58907,1.0,1
54291,1.0,1
63286,0.0,0
57655,1.0,1
29341,0.0,0
32086,1.0,1
7954,1.0,1
65584,0.0,1
46450,1.0,0
16707,0.0,0
18011,0.0,1
34857,1.0,1
31275,0.0,1
35851,0.0,0
66925,0.0,1
21194,0.0,0
5943,0.0,1
64889,0.0,0
17942,1.0,1
67759,0.0,1
34449,0.0,1
47898,0.0,0
18183,0.0,0
18593,0.0,1
52242,1.0,0
32504,0.0,1
7944,0.0,1
54728,1.0,0
62883,1.0,1
30384,1.0,1
32218,0.0,0
46949,0.0,1
17881,0.0,1
347,1.0,1
30660,1.0,0
10768,0.0,0
19535,0.0,0
33453,1.0,0
58043,0.0,1
62562,0.0,0
62191,0.0,0
18648,0.0,1
28060,0.0,0
49389,0.0,1
5985,0.0,1
55389,0.0,0
27272,0.0,0
42958,0.0,1
48818,0.0,0
39283,0.0,0
7308,0.0,0
35082,0.0,1
31905,0.0,1
32896,0.0,0
63165,1.0,0
16370,0.0,1
52296,0.0,0
16406,0.0,1
12344,1.0,1
36423,0.0,0
44058,0.0,0
51776,1.0,1
23017,0.0,1
29082,1.0,0
21093,0.0,1
68180,1.0,1
23817,0.0,1
66107,0.0,0
69164,0.0,1
66346,0.0,0
6113,0.0,1
25707,1.0,1
13098,1.0,1
30621,1.0,0
54242,1.0,1
62376,0.0,1
60033,0.0,1
12011,1.0,1
20912,1.0,0
48108,0.0,0
15652,0.0,0
58833,1.0,0
26082,1.0,1
44895,0.0,0
11213,0.0,1
33058,1.0,1
55632,0.0,1
7294,0.0,1
12145,1.0,1
55098,0.0,1
55746,1.0,0
4345,1.0,0
31435,0.0,1
25606,1.0,0
47817,1.0,0
9500,0.0,1
8190,0.0,1
29125,0.0,0
3994,0.0,1
14398,0.0,1
50898,0.0,1
11976,0.0,1
9886,1.0,1
25310,0.0,0
48080,0.0,0
32594,1.0,0
36526,0.0,1
6272,0.0,1
52956,1.0,1
62886,0.0,1
63072,0.0,1
36557,1.0,1
5955,1.0,1
46879,0.0,1
39556,1.0,1
54227,0.0,1
42653,0.0,1
38638,1.0,0
12624,0.0,0
4830,1.0,1
22001,0.0,0
53584,0.0,1
35520,1.0,1
68629,1.0,0
57120,0.0,1
29678,1.0,1
37331,0.0,1
35801,0.0,0
59206,1.0,1
1843,0.0,1
13107,0.0,0
17555,0.0,0
67883,1.0,1
65621,0.0,1
36794,0.0,0
49301,0.0,1
1509,0.0,1
7469,0.0,1
68023,1.0,0
29146,0.0,0
66997,1.0,0
57056,0.0,0
60500,1.0,0
68853,1.0,1
48539,1.0,1
8938,0.0,0
49633,0.0,0
25791,0.0,0
9160,0.0,1
12453,1.0,0
43429,0.0,1
9391,1.0,1
64668,1.0,1
26746,1.0,1
2830,0.0,0
26454,1.0,0
1783,0.0,1
7936,0.0,0
12154,0.0,0
68715,1.0,0
51097,1.0,1
54762,1.0,1
56805,1.0,1
16253,0.0,0
36772,1.0,1
24434,1.0,1
32864,1.0,0
26609,1.0,0
56911,0.0,0
7984,0.0,1
62175,1.0,1
4338,1.0,1
65873,0.0,0
20248,0.0,1
37893,1.0,1
34616,1.0,0
34761,1.0,1
42781,0.0,1
28151,1.0,1
52287,1.0,0
55529,0.0,0
23100,0.0,0
52403,1.0,1
67816,1.0,1
20529,1.0,1
4843,0.0,0
28371,0.0,1
25484,1.0,1
67023,0.0,1
36432,0.0,0
27659,0.0,0
19375,1.0,1
6387,0.0,1
38145,0.0,1
43000,1.0,1
42875,0.0,0
44717,0.0,1
17141,0.0,1
34609,1.0,1
57457,0.0,1
48571,1.0,1
7000,1.0,0
14037,0.0,0
23974,0.0,0
56781,1.0,1
10558,1.0,0
51924,1.0,0
67237,1.0,1
69590,1.0,1
58399,0.0,1
8216,0.0,1
65747,0.0,0
23073,1.0,1
48077,0.0,1
35940,0.0,1
30244,0.0,1
41002,1.0,0
49780,0.0,1
4141,0.0,1
59234,0.0,0
15505,1.0,0
34364,0.0,1
69291,1.0,1
4542,0.0,1
33646,0.0,0
55486,1.0,1
58068,1.0,1
62157,0.0,0
37867,0.0,1
39822,1.0,0
52648,0.0,0
48820,0.0,0
23828,0.0,0
10462,1.0,0
3078,0.0,0
53270,0.0,0
60573,0.0,1
33494,1.0,1
54513,0.0,1
55009,0.0,0
20023,1.0,1
21997,1.0,0
66395,1.0,1
47994,1.0,0
29313,1.0,1
62232,1.0,1
4883,1.0,1
2256,1.0,0
64970,0.0,1
4044,0.0,1
3401,1.0,0
19671,0.0,0
3376,0.0,1
40888,0.0,0
49194,0.0,0
29997,0.0,1
28853,1.0,0
45835,0.0,0
49134,0.0,1
3521,0.0,0
26661,0.0,1
54896,0.0,0
5482,0.0,1
24495,0.0,1
45557,1.0,0
5260,0.0,1
30199,0.0,1
26435,1.0,0
55819,0.0,0
49552,1.0,0
7513,1.0,0
52316,0.0,0
29183,0.0,1
53742,0.0,0
53981,1.0,1
262,0.0,1
43891,1.0,0
61957,1.0,0
68483,1.0,1
43790,0.0,1
46415,1.0,0
14623,0.0,1
36511,1.0,1
39575,0.0,0
63913,1.0,0
30064,0.0,0
47979,0.0,1
33307,1.0,0
65906,0.0,1
20626,0.0,1
66950,1.0,0
17017,0.0,0
21377,1.0,1
9675,0.0,0
27089,0.0,0
47247,0.0,0
65334,0.0,1
42953,0.0,1
18266,0.0,0
61362,1.0,1
16361,1.0,1
68867,0.0,0
35603,0.0,1
41556,1.0,0
5211,1.0,1
8410,0.0,1
39208,0.0,0
52650,0.0,0
50830,1.0,1
41299,1.0,1
35186,1.0,1
56361,1.0,1
15068,0.0,0
65167,0.0,1
18953,1.0,0
69231,1.0,0
33507,0.0,0
9192,0.0,1
13387,1.0,0
59018,0.0,1
3185,0.0,1
45230,0.0,0
18868,1.0,0
6100,1.0,0
15826,1.0,1
30646,0.0,1
9815,0.0,1
10432,1.0,1
6574,0.0,1
21074,1.0,1
8026,0.0,1
40546,0.0,1
62089,1.0,1
18736,0.0,0
39195,0.0,1
21440,0.0,1
34428,0.0,1
63523,0.0,1
46140,1.0,1
56262,0.0,0
35951,0.0,1
62545,1.0,0
65405,0.0,1
23096,0.0,0
24158,0.0,1
33628,0.0,1
30864,1.0,1
10214,1.0,1
46062,1.0,1
45713,0.0,1
1245,1.0,1
9323,0.0,0
10568,0.0,0
16465,0.0,0
29367,0.0,1
30495,1.0,0
47065,0.0,0
33370,1.0,0
64367,1.0,1
61114,1.0,0
58771,1.0,1
51728,1.0,0
60907,0.0,1
45884,0.0,0
50988,1.0,0
33961,0.0,1
8566,1.0,1
56313,0.0,0
52033,1.0,1
28906,1.0,1
34680,0.0,1
64371,0.0,0
57223,1.0,0
62739,1.0,0
29239,1.0,0
56332,0.0,1
55550,1.0,1
35746,1.0,0
348,1.0,0
25916,1.0,0
20258,0.0,1
67130,1.0,1
706,0.0,1
41724,1.0,1
47751,0.0,1
42982,1.0,1
4306,1.0,1
37805,0.0,0
29414,0.0,1
50123,1.0,0
20713,1.0,1
55140,0.0,0
31696,1.0,0
20895,0.0,1
19846,1.0,0
26090,0.0,1
19009,0.0,1
42399,0.0,1
43809,0.0,0
11574,0.0,0
53881,1.0,1
28212,1.0,0
42932,1.0,1
39462,1.0,0
68763,1.0,0
56441,0.0,1
27459,0.0,1
22472,0.0,1
24090,0.0,1
18706,0.0,1
9667,0.0,0
5072,0.0,0
9167,0.0,0
21042,0.0,1
32465,0.0,0
8959,0.0,0
56486,0.0,0
52031,1.0,1
67914,0.0,1
13136,1.0,0
46015,0.0,0
57148,1.0,1
10426,1.0,0
11382,0.0,1
38995,1.0,1
62083,0.0,1
15256,0.0,0
67946,0.0,1
43279,0.0,1
16893,1.0,1
52804,1.0,1
17615,0.0,0
20847,0.0,1
4725,1.0,0
21396,1.0,1
63866,0.0,0
17170,1.0,0
44859,0.0,1
50893,1.0,0
51126,0.0,1
13595,1.0,0
27323,1.0,0
53548,0.0,1
35861,0.0,0
53405,1.0,0
63780,1.0,0
22943,0.0,1
21306,0.0,0
3964,0.0,0
43218,0.0,0
12588,1.0,1
63394,0.0,1
65004,1.0,1
4109,0.0,1
68179,1.0,0
19540,0.0,1
22377,0.0,1
24291,1.0,1
23740,0.0,1
47663,1.0,0
52752,1.0,1
